ref_area,indicator,source,sex,classif1,time,obs_value
AFG,SDG_0111_SEX_AGE_RT,XA:2198,SEX_T,AGE_YTHADULT_YGE15,2015,45.73620722
AFG,SDG_0111_SEX_AGE_RT,XA:2198,SEX_T,AGE_YTHADULT_YGE15,2016,44.32309524
AFG,SDG_0111_SEX_AGE_RT,XA:2198,SEX_T,AGE_YTHADULT_YGE15,2017,42.56496454
AFG,SDG_0111_SEX_AGE_RT,XA:2198,SEX_T,AGE_YTHADULT_YGE15,2018,41.43420816
AFG,SDG_0111_SEX_AGE_RT,XA:2198,SEX_T,AGE_YTHADULT_YGE15,2019,40.11020013
AGO,SDG_0111_SEX_AGE_RT,XA:2010,SEX_T,AGE_YTHADULT_YGE15,2015,28.45810444
AGO,SDG_0111_SEX_AGE_RT,XA:2010,SEX_T,AGE_YTHADULT_YGE15,2016,28.62303072
AGO,SDG_0111_SEX_AGE_RT,XA:2010,SEX_T,AGE_YTHADULT_YGE15,2017,28.62505016
AGO,SDG_0111_SEX_AGE_RT,XA:2010,SEX_T,AGE_YTHADULT_YGE15,2018,28.55959616
AGO,SDG_0111_SEX_AGE_RT,XA:2010,SEX_T,AGE_YTHADULT_YGE15,2019,28.34001032
ALB,SDG_0111_SEX_AGE_RT,XA:2137,SEX_T,AGE_YTHADULT_YGE15,2015,0.111281772
ALB,SDG_0111_SEX_AGE_RT,XA:2137,SEX_T,AGE_YTHADULT_YGE15,2016,0.096977636
ALB,SDG_0111_SEX_AGE_RT,XA:2137,SEX_T,AGE_YTHADULT_YGE15,2017,0.082191396
ALB,SDG_0111_SEX_AGE_RT,XA:2137,SEX_T,AGE_YTHADULT_YGE15,2018,0.071000662
ALB,SDG_0111_SEX_AGE_RT,XA:2137,SEX_T,AGE_YTHADULT_YGE15,2019,0.06046334
ARE,SDG_0111_SEX_AGE_RT,XA:1978,SEX_T,AGE_YTHADULT_YGE15,2015,0
ARE,SDG_0111_SEX_AGE_RT,XA:1978,SEX_T,AGE_YTHADULT_YGE15,2016,0
ARE,SDG_0111_SEX_AGE_RT,XA:1978,SEX_T,AGE_YTHADULT_YGE15,2017,0
ARE,SDG_0111_SEX_AGE_RT,XA:1978,SEX_T,AGE_YTHADULT_YGE15,2018,0
ARE,SDG_0111_SEX_AGE_RT,XA:1978,SEX_T,AGE_YTHADULT_YGE15,2019,0
ARG,SDG_0111_SEX_AGE_RT,XA:1868,SEX_T,AGE_YTHADULT_YGE15,2015,0.167648583
ARG,SDG_0111_SEX_AGE_RT,XA:1868,SEX_T,AGE_YTHADULT_YGE15,2016,0.182762032
ARG,SDG_0111_SEX_AGE_RT,XA:1868,SEX_T,AGE_YTHADULT_YGE15,2017,0.130183966
ARG,SDG_0111_SEX_AGE_RT,XA:1868,SEX_T,AGE_YTHADULT_YGE15,2018,0.124672942
ARG,SDG_0111_SEX_AGE_RT,XA:1868,SEX_T,AGE_YTHADULT_YGE15,2019,0.118849169
ARM,SDG_0111_SEX_AGE_RT,XA:1931,SEX_T,AGE_YTHADULT_YGE15,2015,0.557819463
ARM,SDG_0111_SEX_AGE_RT,XA:1931,SEX_T,AGE_YTHADULT_YGE15,2016,0.445678218
ARM,SDG_0111_SEX_AGE_RT,XA:1931,SEX_T,AGE_YTHADULT_YGE15,2017,0.337985213
ARM,SDG_0111_SEX_AGE_RT,XA:1931,SEX_T,AGE_YTHADULT_YGE15,2018,0.316066856
ARM,SDG_0111_SEX_AGE_RT,XA:1931,SEX_T,AGE_YTHADULT_YGE15,2019,0.298867188
AZE,SDG_0111_SEX_AGE_RT,XA:2121,SEX_T,AGE_YTHADULT_YGE15,2015,0.025339974
AZE,SDG_0111_SEX_AGE_RT,XA:2121,SEX_T,AGE_YTHADULT_YGE15,2016,0.027957332
AZE,SDG_0111_SEX_AGE_RT,XA:2121,SEX_T,AGE_YTHADULT_YGE15,2017,0.029510675
AZE,SDG_0111_SEX_AGE_RT,XA:2121,SEX_T,AGE_YTHADULT_YGE15,2018,0.030063875
AZE,SDG_0111_SEX_AGE_RT,XA:2121,SEX_T,AGE_YTHADULT_YGE15,2019,0.027039065
BDI,SDG_0111_SEX_AGE_RT,XA:2153,SEX_T,AGE_YTHADULT_YGE15,2015,70.49485365
BDI,SDG_0111_SEX_AGE_RT,XA:2153,SEX_T,AGE_YTHADULT_YGE15,2016,71.05940524
BDI,SDG_0111_SEX_AGE_RT,XA:2153,SEX_T,AGE_YTHADULT_YGE15,2017,71.52204627
BDI,SDG_0111_SEX_AGE_RT,XA:2153,SEX_T,AGE_YTHADULT_YGE15,2018,71.91897385
BDI,SDG_0111_SEX_AGE_RT,XA:2153,SEX_T,AGE_YTHADULT_YGE15,2019,72.22934524
BEN,SDG_0111_SEX_AGE_RT,XA:2018,SEX_T,AGE_YTHADULT_YGE15,2015,44.29525888
BEN,SDG_0111_SEX_AGE_RT,XA:2018,SEX_T,AGE_YTHADULT_YGE15,2016,43.59843832
BEN,SDG_0111_SEX_AGE_RT,XA:2018,SEX_T,AGE_YTHADULT_YGE15,2017,42.47019902
BEN,SDG_0111_SEX_AGE_RT,XA:2018,SEX_T,AGE_YTHADULT_YGE15,2018,41.16687284
BEN,SDG_0111_SEX_AGE_RT,XA:2018,SEX_T,AGE_YTHADULT_YGE15,2019,39.97773806
BFA,SDG_0111_SEX_AGE_RT,XA:2034,SEX_T,AGE_YTHADULT_YGE15,2015,39.87948599
BFA,SDG_0111_SEX_AGE_RT,XA:2034,SEX_T,AGE_YTHADULT_YGE15,2016,38.72022945
BFA,SDG_0111_SEX_AGE_RT,XA:2034,SEX_T,AGE_YTHADULT_YGE15,2017,37.3884614
BFA,SDG_0111_SEX_AGE_RT,XA:2034,SEX_T,AGE_YTHADULT_YGE15,2018,36.1357911
BFA,SDG_0111_SEX_AGE_RT,XA:2034,SEX_T,AGE_YTHADULT_YGE15,2019,35.05942051
BGD,SDG_0111_SEX_AGE_RT,XA:1939,SEX_T,AGE_YTHADULT_YGE15,2015,13.02389274
BGD,SDG_0111_SEX_AGE_RT,XA:1939,SEX_T,AGE_YTHADULT_YGE15,2016,12.42515919
BGD,SDG_0111_SEX_AGE_RT,XA:1939,SEX_T,AGE_YTHADULT_YGE15,2017,11.34919429
BGD,SDG_0111_SEX_AGE_RT,XA:1939,SEX_T,AGE_YTHADULT_YGE15,2018,10.16453797
BGD,SDG_0111_SEX_AGE_RT,XA:1939,SEX_T,AGE_YTHADULT_YGE15,2019,9.147870111
BHS,SDG_0111_SEX_AGE_RT,XA:2097,SEX_T,AGE_YTHADULT_YGE15,2015,0
BHS,SDG_0111_SEX_AGE_RT,XA:2097,SEX_T,AGE_YTHADULT_YGE15,2016,0
BHS,SDG_0111_SEX_AGE_RT,XA:2097,SEX_T,AGE_YTHADULT_YGE15,2017,0
BHS,SDG_0111_SEX_AGE_RT,XA:2097,SEX_T,AGE_YTHADULT_YGE15,2018,0
BHS,SDG_0111_SEX_AGE_RT,XA:2097,SEX_T,AGE_YTHADULT_YGE15,2019,0
BIH,SDG_0111_SEX_AGE_RT,XA:2113,SEX_T,AGE_YTHADULT_YGE15,2015,0.010747945
BIH,SDG_0111_SEX_AGE_RT,XA:2113,SEX_T,AGE_YTHADULT_YGE15,2016,0.01014991
BIH,SDG_0111_SEX_AGE_RT,XA:2113,SEX_T,AGE_YTHADULT_YGE15,2017,0.009373606
BIH,SDG_0111_SEX_AGE_RT,XA:2113,SEX_T,AGE_YTHADULT_YGE15,2018,0.008450448
BIH,SDG_0111_SEX_AGE_RT,XA:2113,SEX_T,AGE_YTHADULT_YGE15,2019,0.007881833
BLR,SDG_0111_SEX_AGE_RT,XA:2129,SEX_T,AGE_YTHADULT_YGE15,2015,0.099707135
BLR,SDG_0111_SEX_AGE_RT,XA:2129,SEX_T,AGE_YTHADULT_YGE15,2016,0.09970438
BLR,SDG_0111_SEX_AGE_RT,XA:2129,SEX_T,AGE_YTHADULT_YGE15,2017,0.099797166
BLR,SDG_0111_SEX_AGE_RT,XA:2129,SEX_T,AGE_YTHADULT_YGE15,2018,0.109227339
BLR,SDG_0111_SEX_AGE_RT,XA:2129,SEX_T,AGE_YTHADULT_YGE15,2019,0.106103969
BLZ,SDG_0111_SEX_AGE_RT,XA:2145,SEX_T,AGE_YTHADULT_YGE15,2015,2.554092549
BLZ,SDG_0111_SEX_AGE_RT,XA:2145,SEX_T,AGE_YTHADULT_YGE15,2016,2.671062722
BLZ,SDG_0111_SEX_AGE_RT,XA:2145,SEX_T,AGE_YTHADULT_YGE15,2017,2.517075156
BLZ,SDG_0111_SEX_AGE_RT,XA:2145,SEX_T,AGE_YTHADULT_YGE15,2018,2.421492596
BLZ,SDG_0111_SEX_AGE_RT,XA:2145,SEX_T,AGE_YTHADULT_YGE15,2019,2.347561158
BOL,SDG_0111_SEX_AGE_RT,XA:1907,SEX_T,AGE_YTHADULT_YGE15,2015,6.616219875
BOL,SDG_0111_SEX_AGE_RT,XA:1907,SEX_T,AGE_YTHADULT_YGE15,2016,7.326339584
BOL,SDG_0111_SEX_AGE_RT,XA:1907,SEX_T,AGE_YTHADULT_YGE15,2017,6.263383665
BOL,SDG_0111_SEX_AGE_RT,XA:1907,SEX_T,AGE_YTHADULT_YGE15,2018,6.339130388
BOL,SDG_0111_SEX_AGE_RT,XA:1907,SEX_T,AGE_YTHADULT_YGE15,2019,5.681659282
BRA,SDG_0111_SEX_AGE_RT,XA:2002,SEX_T,AGE_YTHADULT_YGE15,2015,0.901241697
BRA,SDG_0111_SEX_AGE_RT,XA:2002,SEX_T,AGE_YTHADULT_YGE15,2016,1.576293478
BRA,SDG_0111_SEX_AGE_RT,XA:2002,SEX_T,AGE_YTHADULT_YGE15,2017,2.050643243
BRA,SDG_0111_SEX_AGE_RT,XA:2002,SEX_T,AGE_YTHADULT_YGE15,2018,1.924865009
BRA,SDG_0111_SEX_AGE_RT,XA:2002,SEX_T,AGE_YTHADULT_YGE15,2019,1.791508247
BRB,SDG_0111_SEX_AGE_RT,XA:2193,SEX_T,AGE_YTHADULT_YGE15,2015,0.072555509
BRB,SDG_0111_SEX_AGE_RT,XA:2193,SEX_T,AGE_YTHADULT_YGE15,2016,0.069374414
BRB,SDG_0111_SEX_AGE_RT,XA:2193,SEX_T,AGE_YTHADULT_YGE15,2017,0.065706307
BRB,SDG_0111_SEX_AGE_RT,XA:2193,SEX_T,AGE_YTHADULT_YGE15,2018,0.062527089
BRB,SDG_0111_SEX_AGE_RT,XA:2193,SEX_T,AGE_YTHADULT_YGE15,2019,0.059604599
BRN,SDG_0111_SEX_AGE_RT,XA:2014,SEX_T,AGE_YTHADULT_YGE15,2015,0
BRN,SDG_0111_SEX_AGE_RT,XA:2014,SEX_T,AGE_YTHADULT_YGE15,2016,0
BRN,SDG_0111_SEX_AGE_RT,XA:2014,SEX_T,AGE_YTHADULT_YGE15,2017,0
BRN,SDG_0111_SEX_AGE_RT,XA:2014,SEX_T,AGE_YTHADULT_YGE15,2018,0
BRN,SDG_0111_SEX_AGE_RT,XA:2014,SEX_T,AGE_YTHADULT_YGE15,2019,0
BTN,SDG_0111_SEX_AGE_RT,XA:1872,SEX_T,AGE_YTHADULT_YGE15,2015,2.209172671
BTN,SDG_0111_SEX_AGE_RT,XA:1872,SEX_T,AGE_YTHADULT_YGE15,2016,1.934142075
BTN,SDG_0111_SEX_AGE_RT,XA:1872,SEX_T,AGE_YTHADULT_YGE15,2017,1.756677792
BTN,SDG_0111_SEX_AGE_RT,XA:1872,SEX_T,AGE_YTHADULT_YGE15,2018,1.491756949
BTN,SDG_0111_SEX_AGE_RT,XA:1872,SEX_T,AGE_YTHADULT_YGE15,2019,1.290724082
BWA,SDG_0111_SEX_AGE_RT,XA:2030,SEX_T,AGE_YTHADULT_YGE15,2015,12.4323149
BWA,SDG_0111_SEX_AGE_RT,XA:2030,SEX_T,AGE_YTHADULT_YGE15,2016,11.94272065
BWA,SDG_0111_SEX_AGE_RT,XA:2030,SEX_T,AGE_YTHADULT_YGE15,2017,11.35557906
BWA,SDG_0111_SEX_AGE_RT,XA:2030,SEX_T,AGE_YTHADULT_YGE15,2018,10.66524021
BWA,SDG_0111_SEX_AGE_RT,XA:2030,SEX_T,AGE_YTHADULT_YGE15,2019,9.910737415
CAF,SDG_0111_SEX_AGE_RT,XA:1849,SEX_T,AGE_YTHADULT_YGE15,2015,67.53408258
CAF,SDG_0111_SEX_AGE_RT,XA:1849,SEX_T,AGE_YTHADULT_YGE15,2016,67.38768556
CAF,SDG_0111_SEX_AGE_RT,XA:1849,SEX_T,AGE_YTHADULT_YGE15,2017,67.21089281
CAF,SDG_0111_SEX_AGE_RT,XA:1849,SEX_T,AGE_YTHADULT_YGE15,2018,66.97965042
CAF,SDG_0111_SEX_AGE_RT,XA:1849,SEX_T,AGE_YTHADULT_YGE15,2019,66.79050601
CHL,SDG_0111_SEX_AGE_RT,XA:1943,SEX_T,AGE_YTHADULT_YGE15,2015,0.325459885
CHL,SDG_0111_SEX_AGE_RT,XA:1943,SEX_T,AGE_YTHADULT_YGE15,2016,0.245331232
CHL,SDG_0111_SEX_AGE_RT,XA:1943,SEX_T,AGE_YTHADULT_YGE15,2017,0.18777186
CHL,SDG_0111_SEX_AGE_RT,XA:1943,SEX_T,AGE_YTHADULT_YGE15,2018,0.17332807
CHL,SDG_0111_SEX_AGE_RT,XA:1943,SEX_T,AGE_YTHADULT_YGE15,2019,0.159759789
CHN,SDG_0111_SEX_AGE_RT,XA:2070,SEX_T,AGE_YTHADULT_YGE15,2015,0.860593057
CHN,SDG_0111_SEX_AGE_RT,XA:2070,SEX_T,AGE_YTHADULT_YGE15,2016,0.740916708
CHN,SDG_0111_SEX_AGE_RT,XA:2070,SEX_T,AGE_YTHADULT_YGE15,2017,0.652014418
CHN,SDG_0111_SEX_AGE_RT,XA:2070,SEX_T,AGE_YTHADULT_YGE15,2018,0.564424925
CHN,SDG_0111_SEX_AGE_RT,XA:2070,SEX_T,AGE_YTHADULT_YGE15,2019,0.494831847
CIV,SDG_0111_SEX_AGE_RT,XA:1950,SEX_T,AGE_YTHADULT_YGE15,2015,27.13793644
CIV,SDG_0111_SEX_AGE_RT,XA:1950,SEX_T,AGE_YTHADULT_YGE15,2016,25.5174206
CIV,SDG_0111_SEX_AGE_RT,XA:1950,SEX_T,AGE_YTHADULT_YGE15,2017,23.74383791
CIV,SDG_0111_SEX_AGE_RT,XA:1950,SEX_T,AGE_YTHADULT_YGE15,2018,22.18946714
CIV,SDG_0111_SEX_AGE_RT,XA:1950,SEX_T,AGE_YTHADULT_YGE15,2019,20.75690016
CMR,SDG_0111_SEX_AGE_RT,XA:2085,SEX_T,AGE_YTHADULT_YGE15,2015,19.45369388
CMR,SDG_0111_SEX_AGE_RT,XA:2085,SEX_T,AGE_YTHADULT_YGE15,2016,18.33008403
CMR,SDG_0111_SEX_AGE_RT,XA:2085,SEX_T,AGE_YTHADULT_YGE15,2017,17.40693056
CMR,SDG_0111_SEX_AGE_RT,XA:2085,SEX_T,AGE_YTHADULT_YGE15,2018,16.42986469
CMR,SDG_0111_SEX_AGE_RT,XA:2085,SEX_T,AGE_YTHADULT_YGE15,2019,15.46857682
COD,SDG_0111_SEX_AGE_RT,XA:2093,SEX_T,AGE_YTHADULT_YGE15,2015,70.40009196
COD,SDG_0111_SEX_AGE_RT,XA:2093,SEX_T,AGE_YTHADULT_YGE15,2016,70.05159174
COD,SDG_0111_SEX_AGE_RT,XA:2093,SEX_T,AGE_YTHADULT_YGE15,2017,69.64821175
COD,SDG_0111_SEX_AGE_RT,XA:2093,SEX_T,AGE_YTHADULT_YGE15,2018,69.19600466
COD,SDG_0111_SEX_AGE_RT,XA:2093,SEX_T,AGE_YTHADULT_YGE15,2019,68.72158688
COG,SDG_0111_SEX_AGE_RT,XA:2101,SEX_T,AGE_YTHADULT_YGE15,2015,34.90236357
COG,SDG_0111_SEX_AGE_RT,XA:2101,SEX_T,AGE_YTHADULT_YGE15,2016,35.23492263
COG,SDG_0111_SEX_AGE_RT,XA:2101,SEX_T,AGE_YTHADULT_YGE15,2017,35.57644919
COG,SDG_0111_SEX_AGE_RT,XA:2101,SEX_T,AGE_YTHADULT_YGE15,2018,35.23797863
COG,SDG_0111_SEX_AGE_RT,XA:2101,SEX_T,AGE_YTHADULT_YGE15,2019,34.99970166
COL,SDG_0111_SEX_AGE_RT,XA:2109,SEX_T,AGE_YTHADULT_YGE15,2015,2.368789545
COL,SDG_0111_SEX_AGE_RT,XA:2109,SEX_T,AGE_YTHADULT_YGE15,2016,2.356552718
COL,SDG_0111_SEX_AGE_RT,XA:2109,SEX_T,AGE_YTHADULT_YGE15,2017,1.847371006
COL,SDG_0111_SEX_AGE_RT,XA:2109,SEX_T,AGE_YTHADULT_YGE15,2018,1.683753871
COL,SDG_0111_SEX_AGE_RT,XA:2109,SEX_T,AGE_YTHADULT_YGE15,2019,1.514278978
COM,SDG_0111_SEX_AGE_RT,XA:2117,SEX_T,AGE_YTHADULT_YGE15,2015,14.42333985
COM,SDG_0111_SEX_AGE_RT,XA:2117,SEX_T,AGE_YTHADULT_YGE15,2016,14.19199036
COM,SDG_0111_SEX_AGE_RT,XA:2117,SEX_T,AGE_YTHADULT_YGE15,2017,13.87592058
COM,SDG_0111_SEX_AGE_RT,XA:2117,SEX_T,AGE_YTHADULT_YGE15,2018,13.44399538
COM,SDG_0111_SEX_AGE_RT,XA:2117,SEX_T,AGE_YTHADULT_YGE15,2019,13.05610098
CPV,SDG_0111_SEX_AGE_RT,XA:2125,SEX_T,AGE_YTHADULT_YGE15,2015,2.911901082
CPV,SDG_0111_SEX_AGE_RT,XA:2125,SEX_T,AGE_YTHADULT_YGE15,2016,2.696324207
CPV,SDG_0111_SEX_AGE_RT,XA:2125,SEX_T,AGE_YTHADULT_YGE15,2017,2.487700918
CPV,SDG_0111_SEX_AGE_RT,XA:2125,SEX_T,AGE_YTHADULT_YGE15,2018,2.173202535
CPV,SDG_0111_SEX_AGE_RT,XA:2125,SEX_T,AGE_YTHADULT_YGE15,2019,1.999856367
CRI,SDG_0111_SEX_AGE_RT,XA:2133,SEX_T,AGE_YTHADULT_YGE15,2015,0.451536337
CRI,SDG_0111_SEX_AGE_RT,XA:2133,SEX_T,AGE_YTHADULT_YGE15,2016,0.317971911
CRI,SDG_0111_SEX_AGE_RT,XA:2133,SEX_T,AGE_YTHADULT_YGE15,2017,0.247842789
CRI,SDG_0111_SEX_AGE_RT,XA:2133,SEX_T,AGE_YTHADULT_YGE15,2018,0.224589166
CRI,SDG_0111_SEX_AGE_RT,XA:2133,SEX_T,AGE_YTHADULT_YGE15,2019,0.201511196
CUB,SDG_0111_SEX_AGE_RT,XA:1982,SEX_T,AGE_YTHADULT_YGE15,2015,0.024958498
CUB,SDG_0111_SEX_AGE_RT,XA:1982,SEX_T,AGE_YTHADULT_YGE15,2016,0.023599393
CUB,SDG_0111_SEX_AGE_RT,XA:1982,SEX_T,AGE_YTHADULT_YGE15,2017,0.022054225
CUB,SDG_0111_SEX_AGE_RT,XA:1982,SEX_T,AGE_YTHADULT_YGE15,2018,0.02054976
CUB,SDG_0111_SEX_AGE_RT,XA:1982,SEX_T,AGE_YTHADULT_YGE15,2019,0.019222808
DOM,SDG_0111_SEX_AGE_RT,XA:2189,SEX_T,AGE_YTHADULT_YGE15,2015,1.229242234
DOM,SDG_0111_SEX_AGE_RT,XA:2189,SEX_T,AGE_YTHADULT_YGE15,2016,1.086507635
DOM,SDG_0111_SEX_AGE_RT,XA:2189,SEX_T,AGE_YTHADULT_YGE15,2017,0.989836514
DOM,SDG_0111_SEX_AGE_RT,XA:2189,SEX_T,AGE_YTHADULT_YGE15,2018,0.888243204
DOM,SDG_0111_SEX_AGE_RT,XA:2189,SEX_T,AGE_YTHADULT_YGE15,2019,0.79949464
DZA,SDG_0111_SEX_AGE_RT,XA:1829,SEX_T,AGE_YTHADULT_YGE15,2015,0.108609499
DZA,SDG_0111_SEX_AGE_RT,XA:1829,SEX_T,AGE_YTHADULT_YGE15,2016,0.110512856
DZA,SDG_0111_SEX_AGE_RT,XA:1829,SEX_T,AGE_YTHADULT_YGE15,2017,0.114471968
DZA,SDG_0111_SEX_AGE_RT,XA:1829,SEX_T,AGE_YTHADULT_YGE15,2018,0.118792735
DZA,SDG_0111_SEX_AGE_RT,XA:1829,SEX_T,AGE_YTHADULT_YGE15,2019,0.12250841
ECU,SDG_0111_SEX_AGE_RT,XA:2012,SEX_T,AGE_YTHADULT_YGE15,2015,3.893636969
ECU,SDG_0111_SEX_AGE_RT,XA:2012,SEX_T,AGE_YTHADULT_YGE15,2016,4.22043902
ECU,SDG_0111_SEX_AGE_RT,XA:2012,SEX_T,AGE_YTHADULT_YGE15,2017,3.784250614
ECU,SDG_0111_SEX_AGE_RT,XA:2012,SEX_T,AGE_YTHADULT_YGE15,2018,3.79247933
ECU,SDG_0111_SEX_AGE_RT,XA:2012,SEX_T,AGE_YTHADULT_YGE15,2019,3.703466311
EGY,SDG_0111_SEX_AGE_RT,XA:2016,SEX_T,AGE_YTHADULT_YGE15,2015,0.49290187
EGY,SDG_0111_SEX_AGE_RT,XA:2016,SEX_T,AGE_YTHADULT_YGE15,2016,0.490300078
EGY,SDG_0111_SEX_AGE_RT,XA:2016,SEX_T,AGE_YTHADULT_YGE15,2017,0.45486598
EGY,SDG_0111_SEX_AGE_RT,XA:2016,SEX_T,AGE_YTHADULT_YGE15,2018,0.423240269
EGY,SDG_0111_SEX_AGE_RT,XA:2016,SEX_T,AGE_YTHADULT_YGE15,2019,0.403240199
ERI,SDG_0111_SEX_AGE_RT,XA:1921,SEX_T,AGE_YTHADULT_YGE15,2015,48.78814865
ERI,SDG_0111_SEX_AGE_RT,XA:1921,SEX_T,AGE_YTHADULT_YGE15,2016,48.1416695
ERI,SDG_0111_SEX_AGE_RT,XA:1921,SEX_T,AGE_YTHADULT_YGE15,2017,48.15296254
ERI,SDG_0111_SEX_AGE_RT,XA:1921,SEX_T,AGE_YTHADULT_YGE15,2018,47.21301871
ERI,SDG_0111_SEX_AGE_RT,XA:1921,SEX_T,AGE_YTHADULT_YGE15,2019,46.67633996
ETH,SDG_0111_SEX_AGE_RT,XA:2036,SEX_T,AGE_YTHADULT_YGE15,2015,30.25761079
ETH,SDG_0111_SEX_AGE_RT,XA:2036,SEX_T,AGE_YTHADULT_YGE15,2016,30.05497167
ETH,SDG_0111_SEX_AGE_RT,XA:2036,SEX_T,AGE_YTHADULT_YGE15,2017,27.72332838
ETH,SDG_0111_SEX_AGE_RT,XA:2036,SEX_T,AGE_YTHADULT_YGE15,2018,25.74608402
ETH,SDG_0111_SEX_AGE_RT,XA:2036,SEX_T,AGE_YTHADULT_YGE15,2019,24.07648336
FJI,SDG_0111_SEX_AGE_RT,XA:2044,SEX_T,AGE_YTHADULT_YGE15,2015,0.378589964
FJI,SDG_0111_SEX_AGE_RT,XA:2044,SEX_T,AGE_YTHADULT_YGE15,2016,0.349268911
FJI,SDG_0111_SEX_AGE_RT,XA:2044,SEX_T,AGE_YTHADULT_YGE15,2017,0.310732236
FJI,SDG_0111_SEX_AGE_RT,XA:2044,SEX_T,AGE_YTHADULT_YGE15,2018,0.273541403
FJI,SDG_0111_SEX_AGE_RT,XA:2044,SEX_T,AGE_YTHADULT_YGE15,2019,0.244073527
GAB,SDG_0111_SEX_AGE_RT,XA:1937,SEX_T,AGE_YTHADULT_YGE15,2015,1.971233311
GAB,SDG_0111_SEX_AGE_RT,XA:1937,SEX_T,AGE_YTHADULT_YGE15,2016,1.859235042
GAB,SDG_0111_SEX_AGE_RT,XA:1937,SEX_T,AGE_YTHADULT_YGE15,2017,1.758273582
GAB,SDG_0111_SEX_AGE_RT,XA:1937,SEX_T,AGE_YTHADULT_YGE15,2018,1.750228542
GAB,SDG_0111_SEX_AGE_RT,XA:1937,SEX_T,AGE_YTHADULT_YGE15,2019,1.702642706
GEO,SDG_0111_SEX_AGE_RT,XA:2060,SEX_T,AGE_YTHADULT_YGE15,2015,3.185181532
GEO,SDG_0111_SEX_AGE_RT,XA:2060,SEX_T,AGE_YTHADULT_YGE15,2016,3.250307739
GEO,SDG_0111_SEX_AGE_RT,XA:2060,SEX_T,AGE_YTHADULT_YGE15,2017,4.146848269
GEO,SDG_0111_SEX_AGE_RT,XA:2060,SEX_T,AGE_YTHADULT_YGE15,2018,3.903054827
GEO,SDG_0111_SEX_AGE_RT,XA:2060,SEX_T,AGE_YTHADULT_YGE15,2019,3.61404344
GHA,SDG_0111_SEX_AGE_RT,XA:2064,SEX_T,AGE_YTHADULT_YGE15,2015,8.04793852
GHA,SDG_0111_SEX_AGE_RT,XA:2064,SEX_T,AGE_YTHADULT_YGE15,2016,9.400572861
GHA,SDG_0111_SEX_AGE_RT,XA:2064,SEX_T,AGE_YTHADULT_YGE15,2017,10.82575865
GHA,SDG_0111_SEX_AGE_RT,XA:2064,SEX_T,AGE_YTHADULT_YGE15,2018,9.470872108
GHA,SDG_0111_SEX_AGE_RT,XA:2064,SEX_T,AGE_YTHADULT_YGE15,2019,8.445414213
GIN,SDG_0111_SEX_AGE_RT,XA:2068,SEX_T,AGE_YTHADULT_YGE15,2015,36.47460952
GIN,SDG_0111_SEX_AGE_RT,XA:2068,SEX_T,AGE_YTHADULT_YGE15,2016,34.8695642
GIN,SDG_0111_SEX_AGE_RT,XA:2068,SEX_T,AGE_YTHADULT_YGE15,2017,32.93528684
GIN,SDG_0111_SEX_AGE_RT,XA:2068,SEX_T,AGE_YTHADULT_YGE15,2018,31.52078454
GIN,SDG_0111_SEX_AGE_RT,XA:2068,SEX_T,AGE_YTHADULT_YGE15,2019,30.37564714
GMB,SDG_0111_SEX_AGE_RT,XA:2075,SEX_T,AGE_YTHADULT_YGE15,2015,8.925331405
GMB,SDG_0111_SEX_AGE_RT,XA:2075,SEX_T,AGE_YTHADULT_YGE15,2016,8.901217228
GMB,SDG_0111_SEX_AGE_RT,XA:2075,SEX_T,AGE_YTHADULT_YGE15,2017,8.682862925
GMB,SDG_0111_SEX_AGE_RT,XA:2075,SEX_T,AGE_YTHADULT_YGE15,2018,8.357783039
GMB,SDG_0111_SEX_AGE_RT,XA:2075,SEX_T,AGE_YTHADULT_YGE15,2019,8.056476764
GNB,SDG_0111_SEX_AGE_RT,XA:1885,SEX_T,AGE_YTHADULT_YGE15,2015,61.67200552
GNB,SDG_0111_SEX_AGE_RT,XA:1885,SEX_T,AGE_YTHADULT_YGE15,2016,60.97797458
GNB,SDG_0111_SEX_AGE_RT,XA:1885,SEX_T,AGE_YTHADULT_YGE15,2017,60.30342283
GNB,SDG_0111_SEX_AGE_RT,XA:1885,SEX_T,AGE_YTHADULT_YGE15,2018,59.74318638
GNB,SDG_0111_SEX_AGE_RT,XA:1885,SEX_T,AGE_YTHADULT_YGE15,2019,59.0882049
GNQ,SDG_0111_SEX_AGE_RT,XA:2083,SEX_T,AGE_YTHADULT_YGE15,2015,8.711273302
GNQ,SDG_0111_SEX_AGE_RT,XA:2083,SEX_T,AGE_YTHADULT_YGE15,2016,9.061006753
GNQ,SDG_0111_SEX_AGE_RT,XA:2083,SEX_T,AGE_YTHADULT_YGE15,2017,8.677657944
GNQ,SDG_0111_SEX_AGE_RT,XA:2083,SEX_T,AGE_YTHADULT_YGE15,2018,8.780378142
GNQ,SDG_0111_SEX_AGE_RT,XA:2083,SEX_T,AGE_YTHADULT_YGE15,2019,9.065176954
GTM,SDG_0111_SEX_AGE_RT,XA:1956,SEX_T,AGE_YTHADULT_YGE15,2015,4.630245606
GTM,SDG_0111_SEX_AGE_RT,XA:1956,SEX_T,AGE_YTHADULT_YGE15,2016,3.869116082
GTM,SDG_0111_SEX_AGE_RT,XA:1956,SEX_T,AGE_YTHADULT_YGE15,2017,4.148241441
GTM,SDG_0111_SEX_AGE_RT,XA:1956,SEX_T,AGE_YTHADULT_YGE15,2018,3.888846976
GTM,SDG_0111_SEX_AGE_RT,XA:1956,SEX_T,AGE_YTHADULT_YGE15,2019,3.600000792
GUY,SDG_0111_SEX_AGE_RT,XA:1839,SEX_T,AGE_YTHADULT_YGE15,2015,1.964918041
GUY,SDG_0111_SEX_AGE_RT,XA:1839,SEX_T,AGE_YTHADULT_YGE15,2016,1.794333024
GUY,SDG_0111_SEX_AGE_RT,XA:1839,SEX_T,AGE_YTHADULT_YGE15,2017,1.609045127
GUY,SDG_0111_SEX_AGE_RT,XA:1839,SEX_T,AGE_YTHADULT_YGE15,2018,1.432248362
GUY,SDG_0111_SEX_AGE_RT,XA:1839,SEX_T,AGE_YTHADULT_YGE15,2019,1.281362969
HKG,SDG_0111_SEX_AGE_RT,XA:1964,SEX_T,AGE_YTHADULT_YGE15,2015,0
HKG,SDG_0111_SEX_AGE_RT,XA:1964,SEX_T,AGE_YTHADULT_YGE15,2016,0
HKG,SDG_0111_SEX_AGE_RT,XA:1964,SEX_T,AGE_YTHADULT_YGE15,2017,0
HKG,SDG_0111_SEX_AGE_RT,XA:1964,SEX_T,AGE_YTHADULT_YGE15,2018,0
HKG,SDG_0111_SEX_AGE_RT,XA:1964,SEX_T,AGE_YTHADULT_YGE15,2019,0
HND,SDG_0111_SEX_AGE_RT,XA:1893,SEX_T,AGE_YTHADULT_YGE15,2015,12.63107178
HND,SDG_0111_SEX_AGE_RT,XA:1893,SEX_T,AGE_YTHADULT_YGE15,2016,12.33826986
HND,SDG_0111_SEX_AGE_RT,XA:1893,SEX_T,AGE_YTHADULT_YGE15,2017,13.66399058
HND,SDG_0111_SEX_AGE_RT,XA:1893,SEX_T,AGE_YTHADULT_YGE15,2018,12.50139264
HND,SDG_0111_SEX_AGE_RT,XA:1893,SEX_T,AGE_YTHADULT_YGE15,2019,11.54045002
HTI,SDG_0111_SEX_AGE_RT,XA:1858,SEX_T,AGE_YTHADULT_YGE15,2015,20.01655031
HTI,SDG_0111_SEX_AGE_RT,XA:1858,SEX_T,AGE_YTHADULT_YGE15,2016,19.42086417
HTI,SDG_0111_SEX_AGE_RT,XA:1858,SEX_T,AGE_YTHADULT_YGE15,2017,18.8552606
HTI,SDG_0111_SEX_AGE_RT,XA:1858,SEX_T,AGE_YTHADULT_YGE15,2018,18.18727178
HTI,SDG_0111_SEX_AGE_RT,XA:1858,SEX_T,AGE_YTHADULT_YGE15,2019,17.5571003
IDN,SDG_0111_SEX_AGE_RT,XA:1897,SEX_T,AGE_YTHADULT_YGE15,2015,6.974391867
IDN,SDG_0111_SEX_AGE_RT,XA:1897,SEX_T,AGE_YTHADULT_YGE15,2016,6.395232618
IDN,SDG_0111_SEX_AGE_RT,XA:1897,SEX_T,AGE_YTHADULT_YGE15,2017,5.801424298
IDN,SDG_0111_SEX_AGE_RT,XA:1897,SEX_T,AGE_YTHADULT_YGE15,2018,5.015674713
IDN,SDG_0111_SEX_AGE_RT,XA:1897,SEX_T,AGE_YTHADULT_YGE15,2019,4.326279558
IND,SDG_0111_SEX_AGE_RT,XA:1976,SEX_T,AGE_YTHADULT_YGE15,2015,15.61297932
IND,SDG_0111_SEX_AGE_RT,XA:1976,SEX_T,AGE_YTHADULT_YGE15,2016,14.32994638
IND,SDG_0111_SEX_AGE_RT,XA:1976,SEX_T,AGE_YTHADULT_YGE15,2017,12.92996357
IND,SDG_0111_SEX_AGE_RT,XA:1976,SEX_T,AGE_YTHADULT_YGE15,2018,11.7622361
IND,SDG_0111_SEX_AGE_RT,XA:1976,SEX_T,AGE_YTHADULT_YGE15,2019,10.65127183
IRN,SDG_0111_SEX_AGE_RT,XA:1980,SEX_T,AGE_YTHADULT_YGE15,2015,0.062589512
IRN,SDG_0111_SEX_AGE_RT,XA:1980,SEX_T,AGE_YTHADULT_YGE15,2016,0.067597173
IRN,SDG_0111_SEX_AGE_RT,XA:1980,SEX_T,AGE_YTHADULT_YGE15,2017,0.063979619
IRN,SDG_0111_SEX_AGE_RT,XA:1980,SEX_T,AGE_YTHADULT_YGE15,2018,0.062135843
IRN,SDG_0111_SEX_AGE_RT,XA:1980,SEX_T,AGE_YTHADULT_YGE15,2019,0.061398951
IRQ,SDG_0111_SEX_AGE_RT,XA:1901,SEX_T,AGE_YTHADULT_YGE15,2015,0.459007828
IRQ,SDG_0111_SEX_AGE_RT,XA:1901,SEX_T,AGE_YTHADULT_YGE15,2016,0.392387217
IRQ,SDG_0111_SEX_AGE_RT,XA:1901,SEX_T,AGE_YTHADULT_YGE15,2017,0.368625636
IRQ,SDG_0111_SEX_AGE_RT,XA:1901,SEX_T,AGE_YTHADULT_YGE15,2018,0.349235288
IRQ,SDG_0111_SEX_AGE_RT,XA:1901,SEX_T,AGE_YTHADULT_YGE15,2019,0.327511455
JAM,SDG_0111_SEX_AGE_RT,XA:1905,SEX_T,AGE_YTHADULT_YGE15,2015,0.29392632
JAM,SDG_0111_SEX_AGE_RT,XA:1905,SEX_T,AGE_YTHADULT_YGE15,2016,0.272519961
JAM,SDG_0111_SEX_AGE_RT,XA:1905,SEX_T,AGE_YTHADULT_YGE15,2017,0.27185073
JAM,SDG_0111_SEX_AGE_RT,XA:1905,SEX_T,AGE_YTHADULT_YGE15,2018,0.252156999
JAM,SDG_0111_SEX_AGE_RT,XA:1905,SEX_T,AGE_YTHADULT_YGE15,2019,0.234023429
JOR,SDG_0111_SEX_AGE_RT,XA:1992,SEX_T,AGE_YTHADULT_YGE15,2015,0.144848805
JOR,SDG_0111_SEX_AGE_RT,XA:1992,SEX_T,AGE_YTHADULT_YGE15,2016,0.142254367
JOR,SDG_0111_SEX_AGE_RT,XA:1992,SEX_T,AGE_YTHADULT_YGE15,2017,0.13771064
JOR,SDG_0111_SEX_AGE_RT,XA:1992,SEX_T,AGE_YTHADULT_YGE15,2018,0.130109188
JOR,SDG_0111_SEX_AGE_RT,XA:1992,SEX_T,AGE_YTHADULT_YGE15,2019,0.12076935
KAZ,SDG_0111_SEX_AGE_RT,XA:1996,SEX_T,AGE_YTHADULT_YGE15,2015,0.005010703
KAZ,SDG_0111_SEX_AGE_RT,XA:1996,SEX_T,AGE_YTHADULT_YGE15,2016,0.005012412
KAZ,SDG_0111_SEX_AGE_RT,XA:1996,SEX_T,AGE_YTHADULT_YGE15,2017,0.005010112
KAZ,SDG_0111_SEX_AGE_RT,XA:1996,SEX_T,AGE_YTHADULT_YGE15,2018,0.00503749
KAZ,SDG_0111_SEX_AGE_RT,XA:1996,SEX_T,AGE_YTHADULT_YGE15,2019,0.005049035
KEN,SDG_0111_SEX_AGE_RT,XA:1909,SEX_T,AGE_YTHADULT_YGE15,2015,33.23185226
KEN,SDG_0111_SEX_AGE_RT,XA:1909,SEX_T,AGE_YTHADULT_YGE15,2016,31.92422789
KEN,SDG_0111_SEX_AGE_RT,XA:1909,SEX_T,AGE_YTHADULT_YGE15,2017,30.11609814
KEN,SDG_0111_SEX_AGE_RT,XA:1909,SEX_T,AGE_YTHADULT_YGE15,2018,28.0938577
KEN,SDG_0111_SEX_AGE_RT,XA:1909,SEX_T,AGE_YTHADULT_YGE15,2019,26.48488959
KGZ,SDG_0111_SEX_AGE_RT,XA:2000,SEX_T,AGE_YTHADULT_YGE15,2015,1.044257539
KGZ,SDG_0111_SEX_AGE_RT,XA:2000,SEX_T,AGE_YTHADULT_YGE15,2016,0.343006274
KGZ,SDG_0111_SEX_AGE_RT,XA:2000,SEX_T,AGE_YTHADULT_YGE15,2017,0.368018433
KGZ,SDG_0111_SEX_AGE_RT,XA:2000,SEX_T,AGE_YTHADULT_YGE15,2018,0.340768278
KGZ,SDG_0111_SEX_AGE_RT,XA:2000,SEX_T,AGE_YTHADULT_YGE15,2019,0.313965533
KHM,SDG_0111_SEX_AGE_RT,XA:1866,SEX_T,AGE_YTHADULT_YGE15,2015,16.41651954
KHM,SDG_0111_SEX_AGE_RT,XA:1866,SEX_T,AGE_YTHADULT_YGE15,2016,13.10181591
KHM,SDG_0111_SEX_AGE_RT,XA:1866,SEX_T,AGE_YTHADULT_YGE15,2017,11.06991424
KHM,SDG_0111_SEX_AGE_RT,XA:1866,SEX_T,AGE_YTHADULT_YGE15,2018,9.543166398
KHM,SDG_0111_SEX_AGE_RT,XA:1866,SEX_T,AGE_YTHADULT_YGE15,2019,8.266176142
KOR,SDG_0111_SEX_AGE_RT,XA:2004,SEX_T,AGE_YTHADULT_YGE15,2015,0
KOR,SDG_0111_SEX_AGE_RT,XA:2004,SEX_T,AGE_YTHADULT_YGE15,2016,0
KOR,SDG_0111_SEX_AGE_RT,XA:2004,SEX_T,AGE_YTHADULT_YGE15,2017,0
KOR,SDG_0111_SEX_AGE_RT,XA:2004,SEX_T,AGE_YTHADULT_YGE15,2018,0
KOR,SDG_0111_SEX_AGE_RT,XA:2004,SEX_T,AGE_YTHADULT_YGE15,2019,0
KWT,SDG_0111_SEX_AGE_RT,XA:1913,SEX_T,AGE_YTHADULT_YGE15,2015,0.117039584
KWT,SDG_0111_SEX_AGE_RT,XA:1913,SEX_T,AGE_YTHADULT_YGE15,2016,0.121832952
KWT,SDG_0111_SEX_AGE_RT,XA:1913,SEX_T,AGE_YTHADULT_YGE15,2017,0.128440975
KWT,SDG_0111_SEX_AGE_RT,XA:1913,SEX_T,AGE_YTHADULT_YGE15,2018,0.130416919
KWT,SDG_0111_SEX_AGE_RT,XA:1913,SEX_T,AGE_YTHADULT_YGE15,2019,0.129869966
LAO,SDG_0111_SEX_AGE_RT,XA:2008,SEX_T,AGE_YTHADULT_YGE15,2015,15.25032705
LAO,SDG_0111_SEX_AGE_RT,XA:2008,SEX_T,AGE_YTHADULT_YGE15,2016,13.4933461
LAO,SDG_0111_SEX_AGE_RT,XA:2008,SEX_T,AGE_YTHADULT_YGE15,2017,11.92515295
LAO,SDG_0111_SEX_AGE_RT,XA:2008,SEX_T,AGE_YTHADULT_YGE15,2018,10.51316775
LAO,SDG_0111_SEX_AGE_RT,XA:2008,SEX_T,AGE_YTHADULT_YGE15,2019,9.301501614
LBN,SDG_0111_SEX_AGE_RT,XA:2009,SEX_T,AGE_YTHADULT_YGE15,2015,0.138907015
LBN,SDG_0111_SEX_AGE_RT,XA:2009,SEX_T,AGE_YTHADULT_YGE15,2016,0.134191939
LBN,SDG_0111_SEX_AGE_RT,XA:2009,SEX_T,AGE_YTHADULT_YGE15,2017,0.125125352
LBN,SDG_0111_SEX_AGE_RT,XA:2009,SEX_T,AGE_YTHADULT_YGE15,2018,0.110780952
LBN,SDG_0111_SEX_AGE_RT,XA:2009,SEX_T,AGE_YTHADULT_YGE15,2019,0.09522298
LBR,SDG_0111_SEX_AGE_RT,XA:1916,SEX_T,AGE_YTHADULT_YGE15,2015,40.46678713
LBR,SDG_0111_SEX_AGE_RT,XA:1916,SEX_T,AGE_YTHADULT_YGE15,2016,41.77739797
LBR,SDG_0111_SEX_AGE_RT,XA:1916,SEX_T,AGE_YTHADULT_YGE15,2017,41.06528419
LBR,SDG_0111_SEX_AGE_RT,XA:1916,SEX_T,AGE_YTHADULT_YGE15,2018,40.28289127
LBR,SDG_0111_SEX_AGE_RT,XA:1916,SEX_T,AGE_YTHADULT_YGE15,2019,39.64697282
LBY,SDG_0111_SEX_AGE_RT,XA:1869,SEX_T,AGE_YTHADULT_YGE15,2015,0.199184071
LBY,SDG_0111_SEX_AGE_RT,XA:1869,SEX_T,AGE_YTHADULT_YGE15,2016,0.203691759
LBY,SDG_0111_SEX_AGE_RT,XA:1869,SEX_T,AGE_YTHADULT_YGE15,2017,0.152895069
LBY,SDG_0111_SEX_AGE_RT,XA:1869,SEX_T,AGE_YTHADULT_YGE15,2018,0.126999927
LBY,SDG_0111_SEX_AGE_RT,XA:1869,SEX_T,AGE_YTHADULT_YGE15,2019,0.111223202
LKA,SDG_0111_SEX_AGE_RT,XA:2017,SEX_T,AGE_YTHADULT_YGE15,2015,0.543372021
LKA,SDG_0111_SEX_AGE_RT,XA:2017,SEX_T,AGE_YTHADULT_YGE15,2016,0.378056301
LKA,SDG_0111_SEX_AGE_RT,XA:2017,SEX_T,AGE_YTHADULT_YGE15,2017,0.330556355
LKA,SDG_0111_SEX_AGE_RT,XA:2017,SEX_T,AGE_YTHADULT_YGE15,2018,0.293518063
LKA,SDG_0111_SEX_AGE_RT,XA:2017,SEX_T,AGE_YTHADULT_YGE15,2019,0.261859056
LSO,SDG_0111_SEX_AGE_RT,XA:1920,SEX_T,AGE_YTHADULT_YGE15,2015,43.24824048
LSO,SDG_0111_SEX_AGE_RT,XA:1920,SEX_T,AGE_YTHADULT_YGE15,2016,42.47332408
LSO,SDG_0111_SEX_AGE_RT,XA:1920,SEX_T,AGE_YTHADULT_YGE15,2017,41.56153551
LSO,SDG_0111_SEX_AGE_RT,XA:1920,SEX_T,AGE_YTHADULT_YGE15,2018,40.62784729
LSO,SDG_0111_SEX_AGE_RT,XA:1920,SEX_T,AGE_YTHADULT_YGE15,2019,39.69183025
MAC,SDG_0111_SEX_AGE_RT,XA:1924,SEX_T,AGE_YTHADULT_YGE15,2015,0
MAC,SDG_0111_SEX_AGE_RT,XA:1924,SEX_T,AGE_YTHADULT_YGE15,2016,0
MAC,SDG_0111_SEX_AGE_RT,XA:1924,SEX_T,AGE_YTHADULT_YGE15,2017,0
MAC,SDG_0111_SEX_AGE_RT,XA:1924,SEX_T,AGE_YTHADULT_YGE15,2018,0
MAC,SDG_0111_SEX_AGE_RT,XA:1924,SEX_T,AGE_YTHADULT_YGE15,2019,0
MAR,SDG_0111_SEX_AGE_RT,XA:2029,SEX_T,AGE_YTHADULT_YGE15,2015,0.613143854
MAR,SDG_0111_SEX_AGE_RT,XA:2029,SEX_T,AGE_YTHADULT_YGE15,2016,0.555848222
MAR,SDG_0111_SEX_AGE_RT,XA:2029,SEX_T,AGE_YTHADULT_YGE15,2017,0.480433589
MAR,SDG_0111_SEX_AGE_RT,XA:2029,SEX_T,AGE_YTHADULT_YGE15,2018,0.432421089
MAR,SDG_0111_SEX_AGE_RT,XA:2029,SEX_T,AGE_YTHADULT_YGE15,2019,0.386771722
MDA,SDG_0111_SEX_AGE_RT,XA:2031,SEX_T,AGE_YTHADULT_YGE15,2015,0.00748595
MDA,SDG_0111_SEX_AGE_RT,XA:2031,SEX_T,AGE_YTHADULT_YGE15,2016,0.04003137
MDA,SDG_0111_SEX_AGE_RT,XA:2031,SEX_T,AGE_YTHADULT_YGE15,2017,0.014987059
MDA,SDG_0111_SEX_AGE_RT,XA:2031,SEX_T,AGE_YTHADULT_YGE15,2018,0.020471442
MDA,SDG_0111_SEX_AGE_RT,XA:2031,SEX_T,AGE_YTHADULT_YGE15,2019,0.017544278
MDG,SDG_0111_SEX_AGE_RT,XA:1848,SEX_T,AGE_YTHADULT_YGE15,2015,71.55274875
MDG,SDG_0111_SEX_AGE_RT,XA:1848,SEX_T,AGE_YTHADULT_YGE15,2016,70.73436084
MDG,SDG_0111_SEX_AGE_RT,XA:1848,SEX_T,AGE_YTHADULT_YGE15,2017,69.98555756
MDG,SDG_0111_SEX_AGE_RT,XA:1848,SEX_T,AGE_YTHADULT_YGE15,2018,69.14489115
MDG,SDG_0111_SEX_AGE_RT,XA:1848,SEX_T,AGE_YTHADULT_YGE15,2019,68.40340542
MDV,SDG_0111_SEX_AGE_RT,XA:1928,SEX_T,AGE_YTHADULT_YGE15,2015,2.610771167
MDV,SDG_0111_SEX_AGE_RT,XA:1928,SEX_T,AGE_YTHADULT_YGE15,2016,2.286184692
MDV,SDG_0111_SEX_AGE_RT,XA:1928,SEX_T,AGE_YTHADULT_YGE15,2017,1.988060618
MDV,SDG_0111_SEX_AGE_RT,XA:1928,SEX_T,AGE_YTHADULT_YGE15,2018,1.827649849
MDV,SDG_0111_SEX_AGE_RT,XA:1928,SEX_T,AGE_YTHADULT_YGE15,2019,1.668938796
MEX,SDG_0111_SEX_AGE_RT,XA:1875,SEX_T,AGE_YTHADULT_YGE15,2015,1.93944595
MEX,SDG_0111_SEX_AGE_RT,XA:1875,SEX_T,AGE_YTHADULT_YGE15,2016,1.450632219
MEX,SDG_0111_SEX_AGE_RT,XA:1875,SEX_T,AGE_YTHADULT_YGE15,2017,1.380098665
MEX,SDG_0111_SEX_AGE_RT,XA:1875,SEX_T,AGE_YTHADULT_YGE15,2018,1.291346755
MEX,SDG_0111_SEX_AGE_RT,XA:1875,SEX_T,AGE_YTHADULT_YGE15,2019,1.207418665
MKD,SDG_0111_SEX_AGE_RT,XA:2039,SEX_T,AGE_YTHADULT_YGE15,2015,0.040717014
MKD,SDG_0111_SEX_AGE_RT,XA:2039,SEX_T,AGE_YTHADULT_YGE15,2016,0.036217564
MKD,SDG_0111_SEX_AGE_RT,XA:2039,SEX_T,AGE_YTHADULT_YGE15,2017,0.033919659
MKD,SDG_0111_SEX_AGE_RT,XA:2039,SEX_T,AGE_YTHADULT_YGE15,2018,0.031018511
MKD,SDG_0111_SEX_AGE_RT,XA:2039,SEX_T,AGE_YTHADULT_YGE15,2019,0.029268589
MLI,SDG_0111_SEX_AGE_RT,XA:1830,SEX_T,AGE_YTHADULT_YGE15,2015,45.79338519
MLI,SDG_0111_SEX_AGE_RT,XA:1830,SEX_T,AGE_YTHADULT_YGE15,2016,47.09509754
MLI,SDG_0111_SEX_AGE_RT,XA:1830,SEX_T,AGE_YTHADULT_YGE15,2017,46.42554873
MLI,SDG_0111_SEX_AGE_RT,XA:1830,SEX_T,AGE_YTHADULT_YGE15,2018,45.58418087
MLI,SDG_0111_SEX_AGE_RT,XA:1830,SEX_T,AGE_YTHADULT_YGE15,2019,44.96081111
MMR,SDG_0111_SEX_AGE_RT,XA:1877,SEX_T,AGE_YTHADULT_YGE15,2015,5.94199785
MMR,SDG_0111_SEX_AGE_RT,XA:1877,SEX_T,AGE_YTHADULT_YGE15,2016,4.835964462
MMR,SDG_0111_SEX_AGE_RT,XA:1877,SEX_T,AGE_YTHADULT_YGE15,2017,3.898163788
MMR,SDG_0111_SEX_AGE_RT,XA:1877,SEX_T,AGE_YTHADULT_YGE15,2018,3.258383196
MMR,SDG_0111_SEX_AGE_RT,XA:1877,SEX_T,AGE_YTHADULT_YGE15,2019,2.724874554
MNE,SDG_0111_SEX_AGE_RT,XA:2234,SEX_T,AGE_YTHADULT_YGE15,2015,0.109102664
MNE,SDG_0111_SEX_AGE_RT,XA:2234,SEX_T,AGE_YTHADULT_YGE15,2016,0.101442892
MNE,SDG_0111_SEX_AGE_RT,XA:2234,SEX_T,AGE_YTHADULT_YGE15,2017,0.097538035
MNE,SDG_0111_SEX_AGE_RT,XA:2234,SEX_T,AGE_YTHADULT_YGE15,2018,0.093636908
MNE,SDG_0111_SEX_AGE_RT,XA:2234,SEX_T,AGE_YTHADULT_YGE15,2019,0.08816306
MNG,SDG_0111_SEX_AGE_RT,XA:1934,SEX_T,AGE_YTHADULT_YGE15,2015,0.088933896
MNG,SDG_0111_SEX_AGE_RT,XA:1934,SEX_T,AGE_YTHADULT_YGE15,2016,0.142725389
MNG,SDG_0111_SEX_AGE_RT,XA:1934,SEX_T,AGE_YTHADULT_YGE15,2017,0.138920555
MNG,SDG_0111_SEX_AGE_RT,XA:1934,SEX_T,AGE_YTHADULT_YGE15,2018,0.139145368
MNG,SDG_0111_SEX_AGE_RT,XA:1934,SEX_T,AGE_YTHADULT_YGE15,2019,0.138517543
MOZ,SDG_0111_SEX_AGE_RT,XA:1850,SEX_T,AGE_YTHADULT_YGE15,2015,57.86620783
MOZ,SDG_0111_SEX_AGE_RT,XA:1850,SEX_T,AGE_YTHADULT_YGE15,2016,56.72697615
MOZ,SDG_0111_SEX_AGE_RT,XA:1850,SEX_T,AGE_YTHADULT_YGE15,2017,55.55050177
MOZ,SDG_0111_SEX_AGE_RT,XA:1850,SEX_T,AGE_YTHADULT_YGE15,2018,54.22290207
MOZ,SDG_0111_SEX_AGE_RT,XA:1850,SEX_T,AGE_YTHADULT_YGE15,2019,52.89339623
MRT,SDG_0111_SEX_AGE_RT,XA:1936,SEX_T,AGE_YTHADULT_YGE15,2015,3.426883309
MRT,SDG_0111_SEX_AGE_RT,XA:1936,SEX_T,AGE_YTHADULT_YGE15,2016,3.355732193
MRT,SDG_0111_SEX_AGE_RT,XA:1936,SEX_T,AGE_YTHADULT_YGE15,2017,3.228928756
MRT,SDG_0111_SEX_AGE_RT,XA:1936,SEX_T,AGE_YTHADULT_YGE15,2018,3.062497661
MRT,SDG_0111_SEX_AGE_RT,XA:1936,SEX_T,AGE_YTHADULT_YGE15,2019,2.862641733
MUS,SDG_0111_SEX_AGE_RT,XA:1938,SEX_T,AGE_YTHADULT_YGE15,2015,0.093788443
MUS,SDG_0111_SEX_AGE_RT,XA:1938,SEX_T,AGE_YTHADULT_YGE15,2016,0.082779089
MUS,SDG_0111_SEX_AGE_RT,XA:1938,SEX_T,AGE_YTHADULT_YGE15,2017,0.072837322
MUS,SDG_0111_SEX_AGE_RT,XA:1938,SEX_T,AGE_YTHADULT_YGE15,2018,0.063612896
MUS,SDG_0111_SEX_AGE_RT,XA:1938,SEX_T,AGE_YTHADULT_YGE15,2019,0.056147446
MWI,SDG_0111_SEX_AGE_RT,XA:1837,SEX_T,AGE_YTHADULT_YGE15,2015,67.27423268
MWI,SDG_0111_SEX_AGE_RT,XA:1837,SEX_T,AGE_YTHADULT_YGE15,2016,66.98576962
MWI,SDG_0111_SEX_AGE_RT,XA:1837,SEX_T,AGE_YTHADULT_YGE15,2017,66.38809658
MWI,SDG_0111_SEX_AGE_RT,XA:1837,SEX_T,AGE_YTHADULT_YGE15,2018,65.7117141
MWI,SDG_0111_SEX_AGE_RT,XA:1837,SEX_T,AGE_YTHADULT_YGE15,2019,65.00307642
MYS,SDG_0111_SEX_AGE_RT,XA:1940,SEX_T,AGE_YTHADULT_YGE15,2015,0.002507212
MYS,SDG_0111_SEX_AGE_RT,XA:1940,SEX_T,AGE_YTHADULT_YGE15,2016,0.002091948
MYS,SDG_0111_SEX_AGE_RT,XA:1940,SEX_T,AGE_YTHADULT_YGE15,2017,0.001787797
MYS,SDG_0111_SEX_AGE_RT,XA:1940,SEX_T,AGE_YTHADULT_YGE15,2018,0.001560616
MYS,SDG_0111_SEX_AGE_RT,XA:1940,SEX_T,AGE_YTHADULT_YGE15,2019,0.001385933
NAM,SDG_0111_SEX_AGE_RT,XA:1881,SEX_T,AGE_YTHADULT_YGE15,2015,7.766574676
NAM,SDG_0111_SEX_AGE_RT,XA:1881,SEX_T,AGE_YTHADULT_YGE15,2016,6.26847133
NAM,SDG_0111_SEX_AGE_RT,XA:1881,SEX_T,AGE_YTHADULT_YGE15,2017,6.759050412
NAM,SDG_0111_SEX_AGE_RT,XA:1881,SEX_T,AGE_YTHADULT_YGE15,2018,7.107873006
NAM,SDG_0111_SEX_AGE_RT,XA:1881,SEX_T,AGE_YTHADULT_YGE15,2019,6.870180981
NER,SDG_0111_SEX_AGE_RT,XA:1852,SEX_T,AGE_YTHADULT_YGE15,2015,42.36885368
NER,SDG_0111_SEX_AGE_RT,XA:1852,SEX_T,AGE_YTHADULT_YGE15,2016,41.97794312
NER,SDG_0111_SEX_AGE_RT,XA:1852,SEX_T,AGE_YTHADULT_YGE15,2017,41.52433482
NER,SDG_0111_SEX_AGE_RT,XA:1852,SEX_T,AGE_YTHADULT_YGE15,2018,40.97429928
NER,SDG_0111_SEX_AGE_RT,XA:1852,SEX_T,AGE_YTHADULT_YGE15,2019,40.26636912
NGA,SDG_0111_SEX_AGE_RT,XA:1944,SEX_T,AGE_YTHADULT_YGE15,2015,40.55038777
NGA,SDG_0111_SEX_AGE_RT,XA:1944,SEX_T,AGE_YTHADULT_YGE15,2016,39.45251052
NGA,SDG_0111_SEX_AGE_RT,XA:1944,SEX_T,AGE_YTHADULT_YGE15,2017,38.77147724
NGA,SDG_0111_SEX_AGE_RT,XA:1944,SEX_T,AGE_YTHADULT_YGE15,2018,38.24365352
NGA,SDG_0111_SEX_AGE_RT,XA:1944,SEX_T,AGE_YTHADULT_YGE15,2019,37.47015688
NIC,SDG_0111_SEX_AGE_RT,XA:1883,SEX_T,AGE_YTHADULT_YGE15,2015,8.051981824
NIC,SDG_0111_SEX_AGE_RT,XA:1883,SEX_T,AGE_YTHADULT_YGE15,2016,7.338252669
NIC,SDG_0111_SEX_AGE_RT,XA:1883,SEX_T,AGE_YTHADULT_YGE15,2017,6.672394817
NIC,SDG_0111_SEX_AGE_RT,XA:1883,SEX_T,AGE_YTHADULT_YGE15,2018,6.306639763
NIC,SDG_0111_SEX_AGE_RT,XA:1883,SEX_T,AGE_YTHADULT_YGE15,2019,5.914084113
NPL,SDG_0111_SEX_AGE_RT,XA:1947,SEX_T,AGE_YTHADULT_YGE15,2015,8.592937239
NPL,SDG_0111_SEX_AGE_RT,XA:1947,SEX_T,AGE_YTHADULT_YGE15,2016,8.16990773
NPL,SDG_0111_SEX_AGE_RT,XA:1947,SEX_T,AGE_YTHADULT_YGE15,2017,7.279352748
NPL,SDG_0111_SEX_AGE_RT,XA:1947,SEX_T,AGE_YTHADULT_YGE15,2018,6.655410349
NPL,SDG_0111_SEX_AGE_RT,XA:1947,SEX_T,AGE_YTHADULT_YGE15,2019,6.107585113
OMN,SDG_0111_SEX_AGE_RT,XA:1949,SEX_T,AGE_YTHADULT_YGE15,2015,0.059232548
OMN,SDG_0111_SEX_AGE_RT,XA:1949,SEX_T,AGE_YTHADULT_YGE15,2016,0.061306413
OMN,SDG_0111_SEX_AGE_RT,XA:1949,SEX_T,AGE_YTHADULT_YGE15,2017,0.065401472
OMN,SDG_0111_SEX_AGE_RT,XA:1949,SEX_T,AGE_YTHADULT_YGE15,2018,0.067647608
OMN,SDG_0111_SEX_AGE_RT,XA:1949,SEX_T,AGE_YTHADULT_YGE15,2019,0.069722262
PAK,SDG_0111_SEX_AGE_RT,XA:2080,SEX_T,AGE_YTHADULT_YGE15,2015,3.841714126
PAK,SDG_0111_SEX_AGE_RT,XA:2080,SEX_T,AGE_YTHADULT_YGE15,2016,3.285132618
PAK,SDG_0111_SEX_AGE_RT,XA:2080,SEX_T,AGE_YTHADULT_YGE15,2017,2.830958316
PAK,SDG_0111_SEX_AGE_RT,XA:2080,SEX_T,AGE_YTHADULT_YGE15,2018,2.441725509
PAK,SDG_0111_SEX_AGE_RT,XA:2080,SEX_T,AGE_YTHADULT_YGE15,2019,2.255331146
PAN,SDG_0111_SEX_AGE_RT,XA:2082,SEX_T,AGE_YTHADULT_YGE15,2015,0.495724068
PAN,SDG_0111_SEX_AGE_RT,XA:2082,SEX_T,AGE_YTHADULT_YGE15,2016,0.586241855
PAN,SDG_0111_SEX_AGE_RT,XA:2082,SEX_T,AGE_YTHADULT_YGE15,2017,0.796408266
PAN,SDG_0111_SEX_AGE_RT,XA:2082,SEX_T,AGE_YTHADULT_YGE15,2018,0.729106059
PAN,SDG_0111_SEX_AGE_RT,XA:2082,SEX_T,AGE_YTHADULT_YGE15,2019,0.661876202
PER,SDG_0111_SEX_AGE_RT,XA:2084,SEX_T,AGE_YTHADULT_YGE15,2015,4.185074238
PER,SDG_0111_SEX_AGE_RT,XA:2084,SEX_T,AGE_YTHADULT_YGE15,2016,4.090763889
PER,SDG_0111_SEX_AGE_RT,XA:2084,SEX_T,AGE_YTHADULT_YGE15,2017,3.972873126
PER,SDG_0111_SEX_AGE_RT,XA:2084,SEX_T,AGE_YTHADULT_YGE15,2018,3.56040349
PER,SDG_0111_SEX_AGE_RT,XA:2084,SEX_T,AGE_YTHADULT_YGE15,2019,3.237330263
PHL,SDG_0111_SEX_AGE_RT,XA:2086,SEX_T,AGE_YTHADULT_YGE15,2015,5.953288752
PHL,SDG_0111_SEX_AGE_RT,XA:2086,SEX_T,AGE_YTHADULT_YGE15,2016,4.831435309
PHL,SDG_0111_SEX_AGE_RT,XA:2086,SEX_T,AGE_YTHADULT_YGE15,2017,3.795245037
PHL,SDG_0111_SEX_AGE_RT,XA:2086,SEX_T,AGE_YTHADULT_YGE15,2018,3.178884213
PHL,SDG_0111_SEX_AGE_RT,XA:2086,SEX_T,AGE_YTHADULT_YGE15,2019,2.713433242
PNG,SDG_0111_SEX_AGE_RT,XA:2088,SEX_T,AGE_YTHADULT_YGE15,2015,25.54434377
PNG,SDG_0111_SEX_AGE_RT,XA:2088,SEX_T,AGE_YTHADULT_YGE15,2016,24.60826226
PNG,SDG_0111_SEX_AGE_RT,XA:2088,SEX_T,AGE_YTHADULT_YGE15,2017,23.84041912
PNG,SDG_0111_SEX_AGE_RT,XA:2088,SEX_T,AGE_YTHADULT_YGE15,2018,23.08057263
PNG,SDG_0111_SEX_AGE_RT,XA:2088,SEX_T,AGE_YTHADULT_YGE15,2019,21.76601902
PRI,SDG_0111_SEX_AGE_RT,XA:2092,SEX_T,AGE_YTHADULT_YGE15,2015,0
PRI,SDG_0111_SEX_AGE_RT,XA:2092,SEX_T,AGE_YTHADULT_YGE15,2016,0
PRI,SDG_0111_SEX_AGE_RT,XA:2092,SEX_T,AGE_YTHADULT_YGE15,2017,0
PRI,SDG_0111_SEX_AGE_RT,XA:2092,SEX_T,AGE_YTHADULT_YGE15,2018,0
PRI,SDG_0111_SEX_AGE_RT,XA:2092,SEX_T,AGE_YTHADULT_YGE15,2019,0
PRK,SDG_0111_SEX_AGE_RT,XA:1957,SEX_T,AGE_YTHADULT_YGE15,2015,19.80285746
PRK,SDG_0111_SEX_AGE_RT,XA:1957,SEX_T,AGE_YTHADULT_YGE15,2016,19.04600181
PRK,SDG_0111_SEX_AGE_RT,XA:1957,SEX_T,AGE_YTHADULT_YGE15,2017,18.78606874
PRK,SDG_0111_SEX_AGE_RT,XA:1957,SEX_T,AGE_YTHADULT_YGE15,2018,18.43736421
PRK,SDG_0111_SEX_AGE_RT,XA:1957,SEX_T,AGE_YTHADULT_YGE15,2019,17.88239857
PRY,SDG_0111_SEX_AGE_RT,XA:2098,SEX_T,AGE_YTHADULT_YGE15,2015,0.473161947
PRY,SDG_0111_SEX_AGE_RT,XA:2098,SEX_T,AGE_YTHADULT_YGE15,2016,0.42058814
PRY,SDG_0111_SEX_AGE_RT,XA:2098,SEX_T,AGE_YTHADULT_YGE15,2017,0.307925836
PRY,SDG_0111_SEX_AGE_RT,XA:2098,SEX_T,AGE_YTHADULT_YGE15,2018,0.295438133
PRY,SDG_0111_SEX_AGE_RT,XA:2098,SEX_T,AGE_YTHADULT_YGE15,2019,0.275217541
PSE,SDG_0111_SEX_AGE_RT,XA:2100,SEX_T,AGE_YTHADULT_YGE15,2015,0.077148605
PSE,SDG_0111_SEX_AGE_RT,XA:2100,SEX_T,AGE_YTHADULT_YGE15,2016,0.10679712
PSE,SDG_0111_SEX_AGE_RT,XA:2100,SEX_T,AGE_YTHADULT_YGE15,2017,0.240317027
PSE,SDG_0111_SEX_AGE_RT,XA:2100,SEX_T,AGE_YTHADULT_YGE15,2018,0.226460634
PSE,SDG_0111_SEX_AGE_RT,XA:2100,SEX_T,AGE_YTHADULT_YGE15,2019,0.215135294
QAT,SDG_0111_SEX_AGE_RT,XA:2104,SEX_T,AGE_YTHADULT_YGE15,2015,0
QAT,SDG_0111_SEX_AGE_RT,XA:2104,SEX_T,AGE_YTHADULT_YGE15,2016,0
QAT,SDG_0111_SEX_AGE_RT,XA:2104,SEX_T,AGE_YTHADULT_YGE15,2017,0
QAT,SDG_0111_SEX_AGE_RT,XA:2104,SEX_T,AGE_YTHADULT_YGE15,2018,0
QAT,SDG_0111_SEX_AGE_RT,XA:2104,SEX_T,AGE_YTHADULT_YGE15,2019,0
RUS,SDG_0111_SEX_AGE_RT,XA:2110,SEX_T,AGE_YTHADULT_YGE15,2015,0.005007456
RUS,SDG_0111_SEX_AGE_RT,XA:2110,SEX_T,AGE_YTHADULT_YGE15,2016,0.005388045
RUS,SDG_0111_SEX_AGE_RT,XA:2110,SEX_T,AGE_YTHADULT_YGE15,2017,0.005213138
RUS,SDG_0111_SEX_AGE_RT,XA:2110,SEX_T,AGE_YTHADULT_YGE15,2018,0.005414956
RUS,SDG_0111_SEX_AGE_RT,XA:2110,SEX_T,AGE_YTHADULT_YGE15,2019,0.005538228
RWA,SDG_0111_SEX_AGE_RT,XA:2112,SEX_T,AGE_YTHADULT_YGE15,2015,51.71859265
RWA,SDG_0111_SEX_AGE_RT,XA:2112,SEX_T,AGE_YTHADULT_YGE15,2016,51.42694638
RWA,SDG_0111_SEX_AGE_RT,XA:2112,SEX_T,AGE_YTHADULT_YGE15,2017,51.19346592
RWA,SDG_0111_SEX_AGE_RT,XA:2112,SEX_T,AGE_YTHADULT_YGE15,2018,49.14430977
RWA,SDG_0111_SEX_AGE_RT,XA:2112,SEX_T,AGE_YTHADULT_YGE15,2019,47.38369983
SAU,SDG_0111_SEX_AGE_RT,XA:2114,SEX_T,AGE_YTHADULT_YGE15,2015,0
SAU,SDG_0111_SEX_AGE_RT,XA:2114,SEX_T,AGE_YTHADULT_YGE15,2016,0
SAU,SDG_0111_SEX_AGE_RT,XA:2114,SEX_T,AGE_YTHADULT_YGE15,2017,0
SAU,SDG_0111_SEX_AGE_RT,XA:2114,SEX_T,AGE_YTHADULT_YGE15,2018,0
SAU,SDG_0111_SEX_AGE_RT,XA:2114,SEX_T,AGE_YTHADULT_YGE15,2019,0
SDN,SDG_0111_SEX_AGE_RT,XA:2116,SEX_T,AGE_YTHADULT_YGE15,2015,7.022639378
SDN,SDG_0111_SEX_AGE_RT,XA:2116,SEX_T,AGE_YTHADULT_YGE15,2016,6.50374774
SDN,SDG_0111_SEX_AGE_RT,XA:2116,SEX_T,AGE_YTHADULT_YGE15,2017,6.067540905
SDN,SDG_0111_SEX_AGE_RT,XA:2116,SEX_T,AGE_YTHADULT_YGE15,2018,5.988698298
SDN,SDG_0111_SEX_AGE_RT,XA:2116,SEX_T,AGE_YTHADULT_YGE15,2019,5.807930566
SEN,SDG_0111_SEX_AGE_RT,XA:2118,SEX_T,AGE_YTHADULT_YGE15,2015,35.64187721
SEN,SDG_0111_SEX_AGE_RT,XA:2118,SEX_T,AGE_YTHADULT_YGE15,2016,34.67225956
SEN,SDG_0111_SEX_AGE_RT,XA:2118,SEX_T,AGE_YTHADULT_YGE15,2017,33.61709913
SEN,SDG_0111_SEX_AGE_RT,XA:2118,SEX_T,AGE_YTHADULT_YGE15,2018,32.53120024
SEN,SDG_0111_SEX_AGE_RT,XA:2118,SEX_T,AGE_YTHADULT_YGE15,2019,31.5039531
SGP,SDG_0111_SEX_AGE_RT,XA:2120,SEX_T,AGE_YTHADULT_YGE15,2015,0
SGP,SDG_0111_SEX_AGE_RT,XA:2120,SEX_T,AGE_YTHADULT_YGE15,2016,0
SGP,SDG_0111_SEX_AGE_RT,XA:2120,SEX_T,AGE_YTHADULT_YGE15,2017,0
SGP,SDG_0111_SEX_AGE_RT,XA:2120,SEX_T,AGE_YTHADULT_YGE15,2018,0
SGP,SDG_0111_SEX_AGE_RT,XA:2120,SEX_T,AGE_YTHADULT_YGE15,2019,0
SLB,SDG_0111_SEX_AGE_RT,XA:2122,SEX_T,AGE_YTHADULT_YGE15,2015,20.76984201
SLB,SDG_0111_SEX_AGE_RT,XA:2122,SEX_T,AGE_YTHADULT_YGE15,2016,20.09831652
SLB,SDG_0111_SEX_AGE_RT,XA:2122,SEX_T,AGE_YTHADULT_YGE15,2017,19.32412986
SLB,SDG_0111_SEX_AGE_RT,XA:2122,SEX_T,AGE_YTHADULT_YGE15,2018,18.43744137
SLB,SDG_0111_SEX_AGE_RT,XA:2122,SEX_T,AGE_YTHADULT_YGE15,2019,17.6978654
SLE,SDG_0111_SEX_AGE_RT,XA:2124,SEX_T,AGE_YTHADULT_YGE15,2015,47.56522484
SLE,SDG_0111_SEX_AGE_RT,XA:2124,SEX_T,AGE_YTHADULT_YGE15,2016,46.41103605
SLE,SDG_0111_SEX_AGE_RT,XA:2124,SEX_T,AGE_YTHADULT_YGE15,2017,45.31256869
SLE,SDG_0111_SEX_AGE_RT,XA:2124,SEX_T,AGE_YTHADULT_YGE15,2018,44.13478446
SLE,SDG_0111_SEX_AGE_RT,XA:2124,SEX_T,AGE_YTHADULT_YGE15,2019,42.8347832
SLV,SDG_0111_SEX_AGE_RT,XA:2126,SEX_T,AGE_YTHADULT_YGE15,2015,0.585518117
SLV,SDG_0111_SEX_AGE_RT,XA:2126,SEX_T,AGE_YTHADULT_YGE15,2016,0.868618317
SLV,SDG_0111_SEX_AGE_RT,XA:2126,SEX_T,AGE_YTHADULT_YGE15,2017,0.566545888
SLV,SDG_0111_SEX_AGE_RT,XA:2126,SEX_T,AGE_YTHADULT_YGE15,2018,0.485592796
SLV,SDG_0111_SEX_AGE_RT,XA:2126,SEX_T,AGE_YTHADULT_YGE15,2019,0.450341158
SOM,SDG_0111_SEX_AGE_RT,XA:2128,SEX_T,AGE_YTHADULT_YGE15,2015,71.34599023
SOM,SDG_0111_SEX_AGE_RT,XA:2128,SEX_T,AGE_YTHADULT_YGE15,2016,71.33984175
SOM,SDG_0111_SEX_AGE_RT,XA:2128,SEX_T,AGE_YTHADULT_YGE15,2017,71.44728888
SOM,SDG_0111_SEX_AGE_RT,XA:2128,SEX_T,AGE_YTHADULT_YGE15,2018,71.5144417
SOM,SDG_0111_SEX_AGE_RT,XA:2128,SEX_T,AGE_YTHADULT_YGE15,2019,71.47582974
SRB,SDG_0111_SEX_AGE_RT,XA:2130,SEX_T,AGE_YTHADULT_YGE15,2015,0.025046684
SRB,SDG_0111_SEX_AGE_RT,XA:2130,SEX_T,AGE_YTHADULT_YGE15,2016,0.023314737
SRB,SDG_0111_SEX_AGE_RT,XA:2130,SEX_T,AGE_YTHADULT_YGE15,2017,0.020154545
SRB,SDG_0111_SEX_AGE_RT,XA:2130,SEX_T,AGE_YTHADULT_YGE15,2018,0.016963224
SRB,SDG_0111_SEX_AGE_RT,XA:2130,SEX_T,AGE_YTHADULT_YGE15,2019,0.015014258
SUR,SDG_0111_SEX_AGE_RT,XA:2134,SEX_T,AGE_YTHADULT_YGE15,2015,6.86814041
SUR,SDG_0111_SEX_AGE_RT,XA:2134,SEX_T,AGE_YTHADULT_YGE15,2016,7.050061338
SUR,SDG_0111_SEX_AGE_RT,XA:2134,SEX_T,AGE_YTHADULT_YGE15,2017,6.856366916
SUR,SDG_0111_SEX_AGE_RT,XA:2134,SEX_T,AGE_YTHADULT_YGE15,2018,6.546124058
SUR,SDG_0111_SEX_AGE_RT,XA:2134,SEX_T,AGE_YTHADULT_YGE15,2019,6.168050699
SWZ,SDG_0111_SEX_AGE_RT,XA:2142,SEX_T,AGE_YTHADULT_YGE15,2015,2.90389909
SWZ,SDG_0111_SEX_AGE_RT,XA:2142,SEX_T,AGE_YTHADULT_YGE15,2016,2.816854946
SWZ,SDG_0111_SEX_AGE_RT,XA:2142,SEX_T,AGE_YTHADULT_YGE15,2017,2.759974636
SWZ,SDG_0111_SEX_AGE_RT,XA:2142,SEX_T,AGE_YTHADULT_YGE15,2018,2.724259011
SWZ,SDG_0111_SEX_AGE_RT,XA:2142,SEX_T,AGE_YTHADULT_YGE15,2019,2.686264572
SYR,SDG_0111_SEX_AGE_RT,XA:2144,SEX_T,AGE_YTHADULT_YGE15,2015,23.63875081
SYR,SDG_0111_SEX_AGE_RT,XA:2144,SEX_T,AGE_YTHADULT_YGE15,2016,24.85260509
SYR,SDG_0111_SEX_AGE_RT,XA:2144,SEX_T,AGE_YTHADULT_YGE15,2017,27.40591608
SYR,SDG_0111_SEX_AGE_RT,XA:2144,SEX_T,AGE_YTHADULT_YGE15,2018,27.67944879
SYR,SDG_0111_SEX_AGE_RT,XA:2144,SEX_T,AGE_YTHADULT_YGE15,2019,28.48001561
TCD,SDG_0111_SEX_AGE_RT,XA:2146,SEX_T,AGE_YTHADULT_YGE15,2015,34.98305307
TCD,SDG_0111_SEX_AGE_RT,XA:2146,SEX_T,AGE_YTHADULT_YGE15,2016,35.45317043
TCD,SDG_0111_SEX_AGE_RT,XA:2146,SEX_T,AGE_YTHADULT_YGE15,2017,35.57211757
TCD,SDG_0111_SEX_AGE_RT,XA:2146,SEX_T,AGE_YTHADULT_YGE15,2018,34.95692778
TCD,SDG_0111_SEX_AGE_RT,XA:2146,SEX_T,AGE_YTHADULT_YGE15,2019,34.31131708
TGO,SDG_0111_SEX_AGE_RT,XA:2148,SEX_T,AGE_YTHADULT_YGE15,2015,42.09344855
TGO,SDG_0111_SEX_AGE_RT,XA:2148,SEX_T,AGE_YTHADULT_YGE15,2016,40.7764832
TGO,SDG_0111_SEX_AGE_RT,XA:2148,SEX_T,AGE_YTHADULT_YGE15,2017,39.45322475
TGO,SDG_0111_SEX_AGE_RT,XA:2148,SEX_T,AGE_YTHADULT_YGE15,2018,37.96018872
TGO,SDG_0111_SEX_AGE_RT,XA:2148,SEX_T,AGE_YTHADULT_YGE15,2019,36.54425877
THA,SDG_0111_SEX_AGE_RT,XA:2150,SEX_T,AGE_YTHADULT_YGE15,2015,0.007509455
THA,SDG_0111_SEX_AGE_RT,XA:2150,SEX_T,AGE_YTHADULT_YGE15,2016,0.007511137
THA,SDG_0111_SEX_AGE_RT,XA:2150,SEX_T,AGE_YTHADULT_YGE15,2017,0.007510901
THA,SDG_0111_SEX_AGE_RT,XA:2150,SEX_T,AGE_YTHADULT_YGE15,2018,0.007132827
THA,SDG_0111_SEX_AGE_RT,XA:2150,SEX_T,AGE_YTHADULT_YGE15,2019,0.006199624
TJK,SDG_0111_SEX_AGE_RT,XA:2152,SEX_T,AGE_YTHADULT_YGE15,2015,4.5821785330000004
TJK,SDG_0111_SEX_AGE_RT,XA:2152,SEX_T,AGE_YTHADULT_YGE15,2016,4.260154112
TJK,SDG_0111_SEX_AGE_RT,XA:2152,SEX_T,AGE_YTHADULT_YGE15,2017,4.085610528
TJK,SDG_0111_SEX_AGE_RT,XA:2152,SEX_T,AGE_YTHADULT_YGE15,2018,3.922257183
TJK,SDG_0111_SEX_AGE_RT,XA:2152,SEX_T,AGE_YTHADULT_YGE15,2019,3.766511659
TKM,SDG_0111_SEX_AGE_RT,XA:1987,SEX_T,AGE_YTHADULT_YGE15,2015,10.79884294
TKM,SDG_0111_SEX_AGE_RT,XA:1987,SEX_T,AGE_YTHADULT_YGE15,2016,10.12298695
TKM,SDG_0111_SEX_AGE_RT,XA:1987,SEX_T,AGE_YTHADULT_YGE15,2017,9.41688222
TKM,SDG_0111_SEX_AGE_RT,XA:1987,SEX_T,AGE_YTHADULT_YGE15,2018,8.457096874
TKM,SDG_0111_SEX_AGE_RT,XA:1987,SEX_T,AGE_YTHADULT_YGE15,2019,7.641103875
TLS,SDG_0111_SEX_AGE_RT,XA:2156,SEX_T,AGE_YTHADULT_YGE15,2015,22.76659501
TLS,SDG_0111_SEX_AGE_RT,XA:2156,SEX_T,AGE_YTHADULT_YGE15,2016,22.22965374
TLS,SDG_0111_SEX_AGE_RT,XA:2156,SEX_T,AGE_YTHADULT_YGE15,2017,23.10520712
TLS,SDG_0111_SEX_AGE_RT,XA:2156,SEX_T,AGE_YTHADULT_YGE15,2018,22.44781821
TLS,SDG_0111_SEX_AGE_RT,XA:2156,SEX_T,AGE_YTHADULT_YGE15,2019,21.79922564
TTO,SDG_0111_SEX_AGE_RT,XA:2160,SEX_T,AGE_YTHADULT_YGE15,2015,0.030008347
TTO,SDG_0111_SEX_AGE_RT,XA:2160,SEX_T,AGE_YTHADULT_YGE15,2016,0.030682934
TTO,SDG_0111_SEX_AGE_RT,XA:2160,SEX_T,AGE_YTHADULT_YGE15,2017,0.030787229
TTO,SDG_0111_SEX_AGE_RT,XA:2160,SEX_T,AGE_YTHADULT_YGE15,2018,0.029497619
TTO,SDG_0111_SEX_AGE_RT,XA:2160,SEX_T,AGE_YTHADULT_YGE15,2019,0.028196792
TUN,SDG_0111_SEX_AGE_RT,XA:2162,SEX_T,AGE_YTHADULT_YGE15,2015,0.06509684
TUN,SDG_0111_SEX_AGE_RT,XA:2162,SEX_T,AGE_YTHADULT_YGE15,2016,0.064039144
TUN,SDG_0111_SEX_AGE_RT,XA:2162,SEX_T,AGE_YTHADULT_YGE15,2017,0.062233473
TUN,SDG_0111_SEX_AGE_RT,XA:2162,SEX_T,AGE_YTHADULT_YGE15,2018,0.059700641
TUN,SDG_0111_SEX_AGE_RT,XA:2162,SEX_T,AGE_YTHADULT_YGE15,2019,0.057248039
TUR,SDG_0111_SEX_AGE_RT,XA:2164,SEX_T,AGE_YTHADULT_YGE15,2015,0.070099753
TUR,SDG_0111_SEX_AGE_RT,XA:2164,SEX_T,AGE_YTHADULT_YGE15,2016,0.057581045
TUR,SDG_0111_SEX_AGE_RT,XA:2164,SEX_T,AGE_YTHADULT_YGE15,2017,0.05153238
TUR,SDG_0111_SEX_AGE_RT,XA:2164,SEX_T,AGE_YTHADULT_YGE15,2018,0.043334616
TUR,SDG_0111_SEX_AGE_RT,XA:2164,SEX_T,AGE_YTHADULT_YGE15,2019,0.038029128
TWN,SDG_0111_SEX_AGE_RT,XA:8368,SEX_T,AGE_YTHADULT_YGE15,2015,0.045897543
TWN,SDG_0111_SEX_AGE_RT,XA:8368,SEX_T,AGE_YTHADULT_YGE15,2016,0.044196668
TWN,SDG_0111_SEX_AGE_RT,XA:8368,SEX_T,AGE_YTHADULT_YGE15,2017,0.04238368
TWN,SDG_0111_SEX_AGE_RT,XA:8368,SEX_T,AGE_YTHADULT_YGE15,2018,0.040782109
TWN,SDG_0111_SEX_AGE_RT,XA:8368,SEX_T,AGE_YTHADULT_YGE15,2019,0.039286267
TZA,SDG_0111_SEX_AGE_RT,XA:2166,SEX_T,AGE_YTHADULT_YGE15,2015,41.74981174
TZA,SDG_0111_SEX_AGE_RT,XA:2166,SEX_T,AGE_YTHADULT_YGE15,2016,40.65063539
TZA,SDG_0111_SEX_AGE_RT,XA:2166,SEX_T,AGE_YTHADULT_YGE15,2017,39.48578941
TZA,SDG_0111_SEX_AGE_RT,XA:2166,SEX_T,AGE_YTHADULT_YGE15,2018,38.25537993
TZA,SDG_0111_SEX_AGE_RT,XA:2166,SEX_T,AGE_YTHADULT_YGE15,2019,37.07421078
UGA,SDG_0111_SEX_AGE_RT,XA:2168,SEX_T,AGE_YTHADULT_YGE15,2015,37.91011476
UGA,SDG_0111_SEX_AGE_RT,XA:2168,SEX_T,AGE_YTHADULT_YGE15,2016,38.03637576
UGA,SDG_0111_SEX_AGE_RT,XA:2168,SEX_T,AGE_YTHADULT_YGE15,2017,37.93641738
UGA,SDG_0111_SEX_AGE_RT,XA:2168,SEX_T,AGE_YTHADULT_YGE15,2018,37.11295108
UGA,SDG_0111_SEX_AGE_RT,XA:2168,SEX_T,AGE_YTHADULT_YGE15,2019,36.289373929999996
UKR,SDG_0111_SEX_AGE_RT,XA:2170,SEX_T,AGE_YTHADULT_YGE15,2015,0.030043171
UKR,SDG_0111_SEX_AGE_RT,XA:2170,SEX_T,AGE_YTHADULT_YGE15,2016,0.012518062
UKR,SDG_0111_SEX_AGE_RT,XA:2170,SEX_T,AGE_YTHADULT_YGE15,2017,0.011973619
UKR,SDG_0111_SEX_AGE_RT,XA:2170,SEX_T,AGE_YTHADULT_YGE15,2018,0.011132835
UKR,SDG_0111_SEX_AGE_RT,XA:2170,SEX_T,AGE_YTHADULT_YGE15,2019,0.01029755
URY,SDG_0111_SEX_AGE_RT,XA:2172,SEX_T,AGE_YTHADULT_YGE15,2015,0.032565963
URY,SDG_0111_SEX_AGE_RT,XA:2172,SEX_T,AGE_YTHADULT_YGE15,2016,0.014997419
URY,SDG_0111_SEX_AGE_RT,XA:2172,SEX_T,AGE_YTHADULT_YGE15,2017,0.012543997
URY,SDG_0111_SEX_AGE_RT,XA:2172,SEX_T,AGE_YTHADULT_YGE15,2018,0.011658303
URY,SDG_0111_SEX_AGE_RT,XA:2172,SEX_T,AGE_YTHADULT_YGE15,2019,0.010939029
UZB,SDG_0111_SEX_AGE_RT,XA:2176,SEX_T,AGE_YTHADULT_YGE15,2015,25.3572031
UZB,SDG_0111_SEX_AGE_RT,XA:2176,SEX_T,AGE_YTHADULT_YGE15,2016,23.60148096
UZB,SDG_0111_SEX_AGE_RT,XA:2176,SEX_T,AGE_YTHADULT_YGE15,2017,22.13679755
UZB,SDG_0111_SEX_AGE_RT,XA:2176,SEX_T,AGE_YTHADULT_YGE15,2018,20.95205707
UZB,SDG_0111_SEX_AGE_RT,XA:2176,SEX_T,AGE_YTHADULT_YGE15,2019,19.68369429
VEN,SDG_0111_SEX_AGE_RT,XA:2180,SEX_T,AGE_YTHADULT_YGE15,2015,5.965331331
VEN,SDG_0111_SEX_AGE_RT,XA:2180,SEX_T,AGE_YTHADULT_YGE15,2016,7.247306172
VEN,SDG_0111_SEX_AGE_RT,XA:2180,SEX_T,AGE_YTHADULT_YGE15,2017,8.717517778
VEN,SDG_0111_SEX_AGE_RT,XA:2180,SEX_T,AGE_YTHADULT_YGE15,2018,10.08726698
VEN,SDG_0111_SEX_AGE_RT,XA:2180,SEX_T,AGE_YTHADULT_YGE15,2019,10.74356713
VNM,SDG_0111_SEX_AGE_RT,XA:2184,SEX_T,AGE_YTHADULT_YGE15,2015,2.747671122
VNM,SDG_0111_SEX_AGE_RT,XA:2184,SEX_T,AGE_YTHADULT_YGE15,2016,2.322420974
VNM,SDG_0111_SEX_AGE_RT,XA:2184,SEX_T,AGE_YTHADULT_YGE15,2017,1.848192997
VNM,SDG_0111_SEX_AGE_RT,XA:2184,SEX_T,AGE_YTHADULT_YGE15,2018,1.476030715
VNM,SDG_0111_SEX_AGE_RT,XA:2184,SEX_T,AGE_YTHADULT_YGE15,2019,1.20866036
X01,SDG_0111_SEX_AGE_RT,XA:8405,SEX_T,AGE_YTHADULT_YGE15,2015,8.305573974
X01,SDG_0111_SEX_AGE_RT,XA:8405,SEX_T,AGE_YTHADULT_YGE15,2016,8.035257625
X01,SDG_0111_SEX_AGE_RT,XA:8405,SEX_T,AGE_YTHADULT_YGE15,2017,7.714169758
X01,SDG_0111_SEX_AGE_RT,XA:8405,SEX_T,AGE_YTHADULT_YGE15,2018,7.388926716
X01,SDG_0111_SEX_AGE_RT,XA:8405,SEX_T,AGE_YTHADULT_YGE15,2019,7.115494584
X02,SDG_0111_SEX_AGE_RT,XA:8402,SEX_T,AGE_YTHADULT_YGE15,2015,41.28647207
X02,SDG_0111_SEX_AGE_RT,XA:8402,SEX_T,AGE_YTHADULT_YGE15,2016,41.17444953
X02,SDG_0111_SEX_AGE_RT,XA:8402,SEX_T,AGE_YTHADULT_YGE15,2017,40.41181464
X02,SDG_0111_SEX_AGE_RT,XA:8402,SEX_T,AGE_YTHADULT_YGE15,2018,39.50468455
X02,SDG_0111_SEX_AGE_RT,XA:8402,SEX_T,AGE_YTHADULT_YGE15,2019,38.65258623
X03,SDG_0111_SEX_AGE_RT,XA:8403,SEX_T,AGE_YTHADULT_YGE15,2015,13.60196327
X03,SDG_0111_SEX_AGE_RT,XA:8403,SEX_T,AGE_YTHADULT_YGE15,2016,12.66308627
X03,SDG_0111_SEX_AGE_RT,XA:8403,SEX_T,AGE_YTHADULT_YGE15,2017,11.71194858
X03,SDG_0111_SEX_AGE_RT,XA:8403,SEX_T,AGE_YTHADULT_YGE15,2018,10.85022509
X03,SDG_0111_SEX_AGE_RT,XA:8403,SEX_T,AGE_YTHADULT_YGE15,2019,10.06638654
X04,SDG_0111_SEX_AGE_RT,XA:8401,SEX_T,AGE_YTHADULT_YGE15,2015,0.997962167
X04,SDG_0111_SEX_AGE_RT,XA:8401,SEX_T,AGE_YTHADULT_YGE15,2016,0.958757357
X04,SDG_0111_SEX_AGE_RT,XA:8401,SEX_T,AGE_YTHADULT_YGE15,2017,0.936710272
X04,SDG_0111_SEX_AGE_RT,XA:8401,SEX_T,AGE_YTHADULT_YGE15,2018,0.87048117
X04,SDG_0111_SEX_AGE_RT,XA:8401,SEX_T,AGE_YTHADULT_YGE15,2019,0.807758112
X05,SDG_0111_SEX_AGE_RT,XA:8404,SEX_T,AGE_YTHADULT_YGE15,2015,0.008301402
X05,SDG_0111_SEX_AGE_RT,XA:8404,SEX_T,AGE_YTHADULT_YGE15,2016,0.007375814
X05,SDG_0111_SEX_AGE_RT,XA:8404,SEX_T,AGE_YTHADULT_YGE15,2017,0.007223944
X05,SDG_0111_SEX_AGE_RT,XA:8404,SEX_T,AGE_YTHADULT_YGE15,2018,0.006867136
X05,SDG_0111_SEX_AGE_RT,XA:8404,SEX_T,AGE_YTHADULT_YGE15,2019,0.006487131
X06,SDG_0111_SEX_AGE_RT,XA:8372,SEX_T,AGE_YTHADULT_YGE15,2015,33.40512184
X06,SDG_0111_SEX_AGE_RT,XA:8372,SEX_T,AGE_YTHADULT_YGE15,2016,33.00826803
X06,SDG_0111_SEX_AGE_RT,XA:8372,SEX_T,AGE_YTHADULT_YGE15,2017,32.38845925
X06,SDG_0111_SEX_AGE_RT,XA:8372,SEX_T,AGE_YTHADULT_YGE15,2018,31.61796433
X06,SDG_0111_SEX_AGE_RT,XA:8372,SEX_T,AGE_YTHADULT_YGE15,2019,30.89234407
X21,SDG_0111_SEX_AGE_RT,XA:8377,SEX_T,AGE_YTHADULT_YGE15,2015,1.428269203
X21,SDG_0111_SEX_AGE_RT,XA:8377,SEX_T,AGE_YTHADULT_YGE15,2016,1.533037388
X21,SDG_0111_SEX_AGE_RT,XA:8377,SEX_T,AGE_YTHADULT_YGE15,2017,1.612985111
X21,SDG_0111_SEX_AGE_RT,XA:8377,SEX_T,AGE_YTHADULT_YGE15,2018,1.565152878
X21,SDG_0111_SEX_AGE_RT,XA:8377,SEX_T,AGE_YTHADULT_YGE15,2019,1.488976451
X36,SDG_0111_SEX_AGE_RT,XA:8384,SEX_T,AGE_YTHADULT_YGE15,2015,5.568318254
X36,SDG_0111_SEX_AGE_RT,XA:8384,SEX_T,AGE_YTHADULT_YGE15,2016,6.868696279
X36,SDG_0111_SEX_AGE_RT,XA:8384,SEX_T,AGE_YTHADULT_YGE15,2017,7.611898595
X36,SDG_0111_SEX_AGE_RT,XA:8384,SEX_T,AGE_YTHADULT_YGE15,2018,7.783498599
X36,SDG_0111_SEX_AGE_RT,XA:8384,SEX_T,AGE_YTHADULT_YGE15,2019,7.929898311
X40,SDG_0111_SEX_AGE_RT,XA:8385,SEX_T,AGE_YTHADULT_YGE15,2015,6.050279875
X40,SDG_0111_SEX_AGE_RT,XA:8385,SEX_T,AGE_YTHADULT_YGE15,2016,5.548185858
X40,SDG_0111_SEX_AGE_RT,XA:8385,SEX_T,AGE_YTHADULT_YGE15,2017,5.031048536
X40,SDG_0111_SEX_AGE_RT,XA:8385,SEX_T,AGE_YTHADULT_YGE15,2018,4.563929904
X40,SDG_0111_SEX_AGE_RT,XA:8385,SEX_T,AGE_YTHADULT_YGE15,2019,4.15637246
X60,SDG_0111_SEX_AGE_RT,XA:8393,SEX_T,AGE_YTHADULT_YGE15,2015,0.978455304
X60,SDG_0111_SEX_AGE_RT,XA:8393,SEX_T,AGE_YTHADULT_YGE15,2016,0.913791867
X60,SDG_0111_SEX_AGE_RT,XA:8393,SEX_T,AGE_YTHADULT_YGE15,2017,0.861786232
X60,SDG_0111_SEX_AGE_RT,XA:8393,SEX_T,AGE_YTHADULT_YGE15,2018,0.816588591
X60,SDG_0111_SEX_AGE_RT,XA:8393,SEX_T,AGE_YTHADULT_YGE15,2019,0.773490126
YEM,SDG_0111_SEX_AGE_RT,XA:2190,SEX_T,AGE_YTHADULT_YGE15,2015,30.82616202
YEM,SDG_0111_SEX_AGE_RT,XA:2190,SEX_T,AGE_YTHADULT_YGE15,2016,42.77615818
YEM,SDG_0111_SEX_AGE_RT,XA:2190,SEX_T,AGE_YTHADULT_YGE15,2017,46.79740758
YEM,SDG_0111_SEX_AGE_RT,XA:2190,SEX_T,AGE_YTHADULT_YGE15,2018,47.89862722
YEM,SDG_0111_SEX_AGE_RT,XA:2190,SEX_T,AGE_YTHADULT_YGE15,2019,48.70286732
ZAF,SDG_0111_SEX_AGE_RT,XA:2192,SEX_T,AGE_YTHADULT_YGE15,2015,5.940498548
ZAF,SDG_0111_SEX_AGE_RT,XA:2192,SEX_T,AGE_YTHADULT_YGE15,2016,5.905949374
ZAF,SDG_0111_SEX_AGE_RT,XA:2192,SEX_T,AGE_YTHADULT_YGE15,2017,5.79288688
ZAF,SDG_0111_SEX_AGE_RT,XA:2192,SEX_T,AGE_YTHADULT_YGE15,2018,5.685084171
ZAF,SDG_0111_SEX_AGE_RT,XA:2192,SEX_T,AGE_YTHADULT_YGE15,2019,5.561837496
ZMB,SDG_0111_SEX_AGE_RT,XA:2007,SEX_T,AGE_YTHADULT_YGE15,2015,53.42151019
ZMB,SDG_0111_SEX_AGE_RT,XA:2007,SEX_T,AGE_YTHADULT_YGE15,2016,51.25097693
ZMB,SDG_0111_SEX_AGE_RT,XA:2007,SEX_T,AGE_YTHADULT_YGE15,2017,49.12371889
ZMB,SDG_0111_SEX_AGE_RT,XA:2007,SEX_T,AGE_YTHADULT_YGE15,2018,47.42351943
ZMB,SDG_0111_SEX_AGE_RT,XA:2007,SEX_T,AGE_YTHADULT_YGE15,2019,46.06392252
ZWE,SDG_0111_SEX_AGE_RT,XA:1914,SEX_T,AGE_YTHADULT_YGE15,2015,19.73353116
ZWE,SDG_0111_SEX_AGE_RT,XA:1914,SEX_T,AGE_YTHADULT_YGE15,2016,19.79119524
ZWE,SDG_0111_SEX_AGE_RT,XA:1914,SEX_T,AGE_YTHADULT_YGE15,2017,19.35269289
ZWE,SDG_0111_SEX_AGE_RT,XA:1914,SEX_T,AGE_YTHADULT_YGE15,2018,18.61581754
ZWE,SDG_0111_SEX_AGE_RT,XA:1914,SEX_T,AGE_YTHADULT_YGE15,2019,18.44080896
