ref_area,indicator,source,sex,classif1,time,obs_value,obs_status,note_classif,note_indicator,note_source
ALB,SDG_0852_SEX_AGE_RT,BA:480,SEX_T,AGE_YTHADULT_Y15-64,2015,17.5806,,,,R1:3513
ALB,SDG_0852_SEX_AGE_RT,BA:480,SEX_T,AGE_YTHADULT_Y15-64,2016,15.8059,,,,R1:3513
ALB,SDG_0852_SEX_AGE_RT,BA:480,SEX_T,AGE_YTHADULT_Y15-64,2017,13.9826,,,,R1:3513
ALB,SDG_0852_SEX_AGE_RT,BA:480,SEX_T,AGE_YTHADULT_Y15-64,2018,12.7767,,,,R1:3513
ALB,SDG_0852_SEX_AGE_RT,BA:480,SEX_T,AGE_YTHADULT_Y15-64,2019,11.9473,,,,R1:3513
ARE,SDG_0852_SEX_AGE_RT,BA:716,SEX_T,AGE_YTHADULT_Y15-64,2017,2.469,,,,R1:3513
ARE,SDG_0852_SEX_AGE_RT,BA:716,SEX_T,AGE_YTHADULT_Y15-64,2019,2.238,,,,R1:3513
ARG,SDG_0852_SEX_AGE_RT,BA:150,SEX_T,AGE_YTHADULT_Y15-64,2017,8.5335,,,,R1:3513_S4:33
ARG,SDG_0852_SEX_AGE_RT,BA:150,SEX_T,AGE_YTHADULT_Y15-64,2018,9.3666,,,,R1:3513_S4:33
ARG,SDG_0852_SEX_AGE_RT,BA:150,SEX_T,AGE_YTHADULT_Y15-64,2019,10.0923,,,,R1:3513_S4:33
ARM,SDG_0852_SEX_AGE_RT,BA:867,SEX_T,AGE_YTHADULT_Y15-64,2015,18.8186,,,,R1:3513_T3:240
ARM,SDG_0852_SEX_AGE_RT,BA:867,SEX_T,AGE_YTHADULT_Y15-64,2016,18.1652,,,,R1:3513_T3:240
ARM,SDG_0852_SEX_AGE_RT,BA:867,SEX_T,AGE_YTHADULT_Y15-64,2017,18.2708,,,,R1:3513_T3:240
ARM,SDG_0852_SEX_AGE_RT,BA:867,SEX_T,AGE_YTHADULT_Y15-64,2018,19.3374,,,,R1:3513_T3:240
AUS,SDG_0852_SEX_AGE_RT,BA:518,SEX_T,AGE_YTHADULT_Y15-64,2015,6.2178,,,,
AUS,SDG_0852_SEX_AGE_RT,BA:518,SEX_T,AGE_YTHADULT_Y15-64,2016,5.8676,,,,
AUS,SDG_0852_SEX_AGE_RT,BA:518,SEX_T,AGE_YTHADULT_Y15-64,2017,5.7566,,,,
AUS,SDG_0852_SEX_AGE_RT,BA:518,SEX_T,AGE_YTHADULT_Y15-64,2018,5.4573,,,,
AUS,SDG_0852_SEX_AGE_RT,BA:518,SEX_T,AGE_YTHADULT_Y15-64,2019,5.3104,,,,
AUT,SDG_0852_SEX_AGE_RT,BA:536,SEX_T,AGE_YTHADULT_Y15-64,2015,5.8226,,,,R1:2384
AUT,SDG_0852_SEX_AGE_RT,BA:536,SEX_T,AGE_YTHADULT_Y15-64,2016,6.1113,,,,R1:2384
AUT,SDG_0852_SEX_AGE_RT,BA:536,SEX_T,AGE_YTHADULT_Y15-64,2017,5.5785,,,,R1:2384
AUT,SDG_0852_SEX_AGE_RT,BA:536,SEX_T,AGE_YTHADULT_Y15-64,2018,4.9212,,,,R1:2384
AUT,SDG_0852_SEX_AGE_RT,BA:536,SEX_T,AGE_YTHADULT_Y15-64,2019,4.5524,,,,R1:2384
AZE,SDG_0852_SEX_AGE_RT,BA:125,SEX_T,AGE_YTHADULT_Y15-64,2015,4.99,,,,S3:24_S5:38
AZE,SDG_0852_SEX_AGE_RT,BA:125,SEX_T,AGE_YTHADULT_Y15-64,2019,4.89,,,,S14:4077_S3:24_S5:38
BEL,SDG_0852_SEX_AGE_RT,BA:2257,SEX_T,AGE_YTHADULT_Y15-64,2015,8.5637,,,,R1:2384
BEL,SDG_0852_SEX_AGE_RT,BA:2257,SEX_T,AGE_YTHADULT_Y15-64,2016,7.888,,,,R1:2384
BEL,SDG_0852_SEX_AGE_RT,BA:2257,SEX_T,AGE_YTHADULT_Y15-64,2017,7.1472,B,,I11:264,R1:2384
BEL,SDG_0852_SEX_AGE_RT,BA:2257,SEX_T,AGE_YTHADULT_Y15-64,2018,6.0033,,,,R1:2384
BEL,SDG_0852_SEX_AGE_RT,BA:2257,SEX_T,AGE_YTHADULT_Y15-64,2019,5.4095,,,,R1:2384
BFA,SDG_0852_SEX_AGE_RT,BA:15678,SEX_T,AGE_YTHADULT_Y15-64,2018,4.8202,,,,R1:3513_T2:239_T3:240
BGD,SDG_0852_SEX_AGE_RT,BA:673,SEX_T,AGE_YTHADULT_Y15-64,2016,4.5,,,,S5:38
BGD,SDG_0852_SEX_AGE_RT,BA:673,SEX_T,AGE_YTHADULT_Y15-64,2017,4.5476,,,,R1:3513
BGR,SDG_0852_SEX_AGE_RT,BA:2258,SEX_T,AGE_YTHADULT_Y15-64,2015,9.2339,,,,R1:2384
BGR,SDG_0852_SEX_AGE_RT,BA:2258,SEX_T,AGE_YTHADULT_Y15-64,2016,7.6661,,,,R1:2384
BGR,SDG_0852_SEX_AGE_RT,BA:2258,SEX_T,AGE_YTHADULT_Y15-64,2017,6.2277,,,,R1:2384
BGR,SDG_0852_SEX_AGE_RT,BA:2258,SEX_T,AGE_YTHADULT_Y15-64,2018,5.2718,,,,R1:2384
BGR,SDG_0852_SEX_AGE_RT,BA:2258,SEX_T,AGE_YTHADULT_Y15-64,2019,4.2758,,,,R1:2384
BIH,SDG_0852_SEX_AGE_RT,BA:493,SEX_T,AGE_YTHADULT_Y15-64,2015,28.2276,,,,R1:3513
BIH,SDG_0852_SEX_AGE_RT,BA:493,SEX_T,AGE_YTHADULT_Y15-64,2016,25.7653,,,,R1:3513
BIH,SDG_0852_SEX_AGE_RT,BA:493,SEX_T,AGE_YTHADULT_Y15-64,2017,21.0912,,,,R1:3513
BIH,SDG_0852_SEX_AGE_RT,BA:493,SEX_T,AGE_YTHADULT_Y15-64,2018,18.8758,,,,R1:3513
BIH,SDG_0852_SEX_AGE_RT,BA:493,SEX_T,AGE_YTHADULT_Y15-64,2019,16.398,,,,R1:3513
BLR,SDG_0852_SEX_AGE_RT,BA:13362,SEX_T,AGE_YTHADULT_Y15-64,2016,5.88,,,,S5:3210_S7:57_T3:104
BLR,SDG_0852_SEX_AGE_RT,BA:13362,SEX_T,AGE_YTHADULT_Y15-64,2017,5.63,,,,S14:4077_S5:3210_S7:57_T3:104
BLR,SDG_0852_SEX_AGE_RT,BA:13362,SEX_T,AGE_YTHADULT_Y15-64,2018,4.77,,,,S14:4077_S5:3210_T3:104
BLR,SDG_0852_SEX_AGE_RT,BA:13362,SEX_T,AGE_YTHADULT_Y15-64,2019,4.13,,,,S14:4077_S5:3210_T3:104
BLZ,SDG_0852_SEX_AGE_RT,BA:934,SEX_T,AGE_YTHADULT_Y15-64,2015,7.7024,,,,R1:3513
BLZ,SDG_0852_SEX_AGE_RT,BA:934,SEX_T,AGE_YTHADULT_Y15-64,2016,7.1854,,,,R1:3513
BLZ,SDG_0852_SEX_AGE_RT,BA:934,SEX_T,AGE_YTHADULT_Y15-64,2017,6.7931,,,,R1:3513
BOL,SDG_0852_SEX_AGE_RT,BA:74,SEX_T,AGE_YTHADULT_Y15-64,2016,3.7137,,,,R1:3513
BOL,SDG_0852_SEX_AGE_RT,BA:74,SEX_T,AGE_YTHADULT_Y15-64,2017,3.9251,,,,R1:3513
BOL,SDG_0852_SEX_AGE_RT,BA:74,SEX_T,AGE_YTHADULT_Y15-64,2018,3.8059,,,,R1:3513
BOL,SDG_0852_SEX_AGE_RT,BB:73,SEX_T,AGE_YTHADULT_Y15-64,2015,3.316,,,,R1:3513
BOL,SDG_0852_SEX_AGE_RT,BB:73,SEX_T,AGE_YTHADULT_Y15-64,2019,4.0748,,,,R1:3513
BRA,SDG_0852_SEX_AGE_RT,BX:6355,SEX_T,AGE_YTHADULT_Y15-64,2015,8.6215,,,,R1:3513
BRA,SDG_0852_SEX_AGE_RT,BX:6355,SEX_T,AGE_YTHADULT_Y15-64,2016,11.8631,,,,R1:3513
BRA,SDG_0852_SEX_AGE_RT,BX:6355,SEX_T,AGE_YTHADULT_Y15-64,2017,13.1174,,,,R1:3513
BRA,SDG_0852_SEX_AGE_RT,BX:6355,SEX_T,AGE_YTHADULT_Y15-64,2018,12.6333,,,,R1:3513
BRA,SDG_0852_SEX_AGE_RT,BX:6355,SEX_T,AGE_YTHADULT_Y15-64,2019,12.2362,,,,R1:3513
BRB,SDG_0852_SEX_AGE_RT,BA:338,SEX_T,AGE_YTHADULT_Y15-64,2015,11.67,,,,
BRB,SDG_0852_SEX_AGE_RT,BA:338,SEX_T,AGE_YTHADULT_Y15-64,2016,10.02,,,,
BRN,SDG_0852_SEX_AGE_RT,BA:8230,SEX_T,AGE_YTHADULT_Y15-64,2017,9.4013,,,,R1:3513_S14:4077
BRN,SDG_0852_SEX_AGE_RT,BA:8230,SEX_T,AGE_YTHADULT_Y15-64,2018,8.813,,,,R1:3513_S14:4077
BRN,SDG_0852_SEX_AGE_RT,BA:8230,SEX_T,AGE_YTHADULT_Y15-64,2019,7.0226,,,,R1:3513_S14:4077
BTN,SDG_0852_SEX_AGE_RT,BA:625,SEX_T,AGE_YTHADULT_Y15-64,2015,2.58,,,,S3:22_S4:30
CAN,SDG_0852_SEX_AGE_RT,BA:147,SEX_T,AGE_YTHADULT_Y15-64,2015,6.9993,,,,R1:3513
CAN,SDG_0852_SEX_AGE_RT,BA:147,SEX_T,AGE_YTHADULT_Y15-64,2016,7.0989,,,,R1:3513
CAN,SDG_0852_SEX_AGE_RT,BA:147,SEX_T,AGE_YTHADULT_Y15-64,2017,6.3939,,,,R1:3513
CAN,SDG_0852_SEX_AGE_RT,BA:147,SEX_T,AGE_YTHADULT_Y15-64,2018,5.903,,,,R1:3513
CAN,SDG_0852_SEX_AGE_RT,BA:147,SEX_T,AGE_YTHADULT_Y15-64,2019,5.7444,,,,R1:3513
CHE,SDG_0852_SEX_AGE_RT,BA:2253,SEX_T,AGE_YTHADULT_Y15-64,2015,4.92,,,,R1:2384
CHE,SDG_0852_SEX_AGE_RT,BA:2253,SEX_T,AGE_YTHADULT_Y15-64,2016,5.0861,,,,R1:2384
CHE,SDG_0852_SEX_AGE_RT,BA:2253,SEX_T,AGE_YTHADULT_Y15-64,2017,4.9633,,,,R1:2384
CHE,SDG_0852_SEX_AGE_RT,BA:2253,SEX_T,AGE_YTHADULT_Y15-64,2018,4.873,,,,R1:2384
CHE,SDG_0852_SEX_AGE_RT,BA:2253,SEX_T,AGE_YTHADULT_Y15-64,2019,4.5224,,,,R1:2384
CHL,SDG_0852_SEX_AGE_RT,BA:460,SEX_T,AGE_YTHADULT_Y15-64,2015,6.7676,,,,R1:3513
CHL,SDG_0852_SEX_AGE_RT,BA:460,SEX_T,AGE_YTHADULT_Y15-64,2016,7.0516,,,,R1:3513
CHL,SDG_0852_SEX_AGE_RT,BA:460,SEX_T,AGE_YTHADULT_Y15-64,2017,7.3041,,,,R1:3513
CHL,SDG_0852_SEX_AGE_RT,BA:460,SEX_T,AGE_YTHADULT_Y15-64,2018,7.6291,,,,R1:3513
CHL,SDG_0852_SEX_AGE_RT,BA:460,SEX_T,AGE_YTHADULT_Y15-64,2019,7.6957,,,,R1:3513
CIV,SDG_0852_SEX_AGE_RT,BA:7345,SEX_T,AGE_YTHADULT_Y15-64,2016,2.6346,,,,R1:3513
CIV,SDG_0852_SEX_AGE_RT,BA:14098,SEX_T,AGE_YTHADULT_Y15-64,2017,3.3429,,,,R1:3513
COL,SDG_0852_SEX_AGE_RT,BA:358,SEX_T,AGE_YTHADULT_Y15-64,2015,8.5372,,,,R1:3513
COL,SDG_0852_SEX_AGE_RT,BA:358,SEX_T,AGE_YTHADULT_Y15-64,2016,8.9558,,,,R1:3513
COL,SDG_0852_SEX_AGE_RT,BA:358,SEX_T,AGE_YTHADULT_Y15-64,2017,9.1648,,,,R1:3513
COL,SDG_0852_SEX_AGE_RT,BA:358,SEX_T,AGE_YTHADULT_Y15-64,2018,9.3937,,,,R1:3513
COL,SDG_0852_SEX_AGE_RT,BA:358,SEX_T,AGE_YTHADULT_Y15-64,2019,10.2575,,,,R1:3513
CPV,SDG_0852_SEX_AGE_RT,BA:7395,SEX_T,AGE_YTHADULT_Y15-64,2015,31.6714,,,,R1:3513_T2:85
CPV,SDG_0852_SEX_AGE_RT,BA:7395,SEX_T,AGE_YTHADULT_Y15-64,2017,12.42,,,,S14:3359
CPV,SDG_0852_SEX_AGE_RT,BA:7395,SEX_T,AGE_YTHADULT_Y15-64,2018,12.35,,,,S14:3359
CPV,SDG_0852_SEX_AGE_RT,BA:7395,SEX_T,AGE_YTHADULT_Y15-64,2019,11.41,,,,S14:3359
CRI,SDG_0852_SEX_AGE_RT,BA:12883,SEX_T,AGE_YTHADULT_Y15-64,2015,9.2114,,,,R1:3513
CRI,SDG_0852_SEX_AGE_RT,BA:12883,SEX_T,AGE_YTHADULT_Y15-64,2016,8.7534,,,,R1:3513
CRI,SDG_0852_SEX_AGE_RT,BA:12883,SEX_T,AGE_YTHADULT_Y15-64,2017,8.3114,,,,R1:3513
CRI,SDG_0852_SEX_AGE_RT,BA:12883,SEX_T,AGE_YTHADULT_Y15-64,2018,9.87,,,,R1:3513
CRI,SDG_0852_SEX_AGE_RT,BA:12883,SEX_T,AGE_YTHADULT_Y15-64,2019,11.7424,,,,R1:3513
CUW,SDG_0852_SEX_AGE_RT,BA:12900,SEX_T,AGE_YTHADULT_Y15-64,2015,11.82,,,,S3:20
CUW,SDG_0852_SEX_AGE_RT,BA:12900,SEX_T,AGE_YTHADULT_Y15-64,2018,13.6,,,,S14:3359_S3:11_T3:94
CYP,SDG_0852_SEX_AGE_RT,BA:2259,SEX_T,AGE_YTHADULT_Y15-64,2015,15.1839,,,,R1:2384
CYP,SDG_0852_SEX_AGE_RT,BA:2259,SEX_T,AGE_YTHADULT_Y15-64,2016,13.1948,,,,R1:2384
CYP,SDG_0852_SEX_AGE_RT,BA:2259,SEX_T,AGE_YTHADULT_Y15-64,2017,11.2832,,,,R1:2384
CYP,SDG_0852_SEX_AGE_RT,BA:2259,SEX_T,AGE_YTHADULT_Y15-64,2018,8.5619,,,,R1:2384
CYP,SDG_0852_SEX_AGE_RT,BA:2259,SEX_T,AGE_YTHADULT_Y15-64,2019,7.2541,,,,R1:2384
CZE,SDG_0852_SEX_AGE_RT,BA:2249,SEX_T,AGE_YTHADULT_Y15-64,2015,5.1305,,,,R1:2384
CZE,SDG_0852_SEX_AGE_RT,BA:2249,SEX_T,AGE_YTHADULT_Y15-64,2016,4.0269,,,,R1:2384
CZE,SDG_0852_SEX_AGE_RT,BA:2249,SEX_T,AGE_YTHADULT_Y15-64,2017,2.941,,,,R1:2384
CZE,SDG_0852_SEX_AGE_RT,BA:2249,SEX_T,AGE_YTHADULT_Y15-64,2018,2.2841,,,,R1:2384
CZE,SDG_0852_SEX_AGE_RT,BA:2249,SEX_T,AGE_YTHADULT_Y15-64,2019,2.0605,,,,R1:2384
DEU,SDG_0852_SEX_AGE_RT,BA:2242,SEX_T,AGE_YTHADULT_Y15-64,2015,4.7208,,,,R1:2384
DEU,SDG_0852_SEX_AGE_RT,BA:2242,SEX_T,AGE_YTHADULT_Y15-64,2016,4.2129,,,,R1:2384
DEU,SDG_0852_SEX_AGE_RT,BA:2242,SEX_T,AGE_YTHADULT_Y15-64,2017,3.8295,,,,R1:2384
DEU,SDG_0852_SEX_AGE_RT,BA:2242,SEX_T,AGE_YTHADULT_Y15-64,2018,3.4645,,,,R1:2384
DEU,SDG_0852_SEX_AGE_RT,BA:2242,SEX_T,AGE_YTHADULT_Y15-64,2019,3.2136,,,,R1:2384
DNK,SDG_0852_SEX_AGE_RT,BA:2487,SEX_T,AGE_YTHADULT_Y15-64,2015,6.4513,,,,R1:2384
DNK,SDG_0852_SEX_AGE_RT,BA:2487,SEX_T,AGE_YTHADULT_Y15-64,2016,6.1523,B,,I11:264,R1:2384
DNK,SDG_0852_SEX_AGE_RT,BA:2487,SEX_T,AGE_YTHADULT_Y15-64,2017,5.9885,B,,I11:264,R1:2384
DNK,SDG_0852_SEX_AGE_RT,BA:2487,SEX_T,AGE_YTHADULT_Y15-64,2018,5.2652,,,,R1:2384
DNK,SDG_0852_SEX_AGE_RT,BA:2487,SEX_T,AGE_YTHADULT_Y15-64,2019,5.1341,,,,R1:2384
DOM,SDG_0852_SEX_AGE_RT,BA:13413,SEX_T,AGE_YTHADULT_Y15-64,2015,7.9468,,,,R1:3513
DOM,SDG_0852_SEX_AGE_RT,BA:13413,SEX_T,AGE_YTHADULT_Y15-64,2016,7.6059,,,,R1:3513
DOM,SDG_0852_SEX_AGE_RT,BA:13413,SEX_T,AGE_YTHADULT_Y15-64,2017,6.1171,,,,R1:3513
DOM,SDG_0852_SEX_AGE_RT,BA:13413,SEX_T,AGE_YTHADULT_Y15-64,2018,6.1567,,,,R1:3513
DOM,SDG_0852_SEX_AGE_RT,BA:13413,SEX_T,AGE_YTHADULT_Y15-64,2019,6.7447,,,,R1:3513
EGY,SDG_0852_SEX_AGE_RT,BA:582,SEX_T,AGE_YTHADULT_Y15-64,2015,13.2265,,,,R1:3513
EGY,SDG_0852_SEX_AGE_RT,BA:582,SEX_T,AGE_YTHADULT_Y15-64,2016,12.6108,,,,R1:3513
EGY,SDG_0852_SEX_AGE_RT,BA:582,SEX_T,AGE_YTHADULT_Y15-64,2017,11.9257,,,,R1:3513
EGY,SDG_0852_SEX_AGE_RT,BA:582,SEX_T,AGE_YTHADULT_Y15-64,2018,9.9691,,,,R1:3513
ESP,SDG_0852_SEX_AGE_RT,BA:2244,SEX_T,AGE_YTHADULT_Y15-64,2015,22.1795,,,,R1:2384
ESP,SDG_0852_SEX_AGE_RT,BA:2244,SEX_T,AGE_YTHADULT_Y15-64,2016,19.7464,,,,R1:2384
ESP,SDG_0852_SEX_AGE_RT,BA:2244,SEX_T,AGE_YTHADULT_Y15-64,2017,17.3307,,,,R1:2384
ESP,SDG_0852_SEX_AGE_RT,BA:2244,SEX_T,AGE_YTHADULT_Y15-64,2018,15.3503,,,,R1:2384
ESP,SDG_0852_SEX_AGE_RT,BA:2244,SEX_T,AGE_YTHADULT_Y15-64,2019,14.1888,,,,R1:2384
EST,SDG_0852_SEX_AGE_RT,BA:2518,SEX_T,AGE_YTHADULT_Y15-64,2015,6.2908,,,,R1:2384
EST,SDG_0852_SEX_AGE_RT,BA:2518,SEX_T,AGE_YTHADULT_Y15-64,2016,6.9678,,,,R1:2384
EST,SDG_0852_SEX_AGE_RT,BA:2518,SEX_T,AGE_YTHADULT_Y15-64,2017,5.9443,,,,R1:2384
EST,SDG_0852_SEX_AGE_RT,BA:2518,SEX_T,AGE_YTHADULT_Y15-64,2018,5.4359,,,,R1:2384
EST,SDG_0852_SEX_AGE_RT,BA:2518,SEX_T,AGE_YTHADULT_Y15-64,2019,4.5789,,,,R1:2384
FIN,SDG_0852_SEX_AGE_RT,BA:2486,SEX_T,AGE_YTHADULT_Y15-64,2015,9.5987,,,,R1:2384
FIN,SDG_0852_SEX_AGE_RT,BA:2486,SEX_T,AGE_YTHADULT_Y15-64,2016,9.0076,,,,R1:2384
FIN,SDG_0852_SEX_AGE_RT,BA:2486,SEX_T,AGE_YTHADULT_Y15-64,2017,8.8335,,,,R1:2384
FIN,SDG_0852_SEX_AGE_RT,BA:2486,SEX_T,AGE_YTHADULT_Y15-64,2018,7.5224,,,,R1:2384
FIN,SDG_0852_SEX_AGE_RT,BA:2486,SEX_T,AGE_YTHADULT_Y15-64,2019,6.8335,,,,R1:2384
FJI,SDG_0852_SEX_AGE_RT,BA:1135,SEX_T,AGE_YTHADULT_Y15-64,2016,4.4694,,,,R1:3513
FRA,SDG_0852_SEX_AGE_RT,BA:2260,SEX_T,AGE_YTHADULT_Y15-64,2015,10.4366,,,,R1:2384
FRA,SDG_0852_SEX_AGE_RT,BA:2260,SEX_T,AGE_YTHADULT_Y15-64,2016,10.1292,,,,R1:2384
FRA,SDG_0852_SEX_AGE_RT,BA:2260,SEX_T,AGE_YTHADULT_Y15-64,2017,9.4872,,,,R1:2384
FRA,SDG_0852_SEX_AGE_RT,BA:2260,SEX_T,AGE_YTHADULT_Y15-64,2018,9.1066,,,,R1:2384
FRA,SDG_0852_SEX_AGE_RT,BA:2260,SEX_T,AGE_YTHADULT_Y15-64,2019,8.5308,,,,R1:2384
GBR,SDG_0852_SEX_AGE_RT,BA:2247,SEX_T,AGE_YTHADULT_Y15-64,2015,5.4372,,,,R1:2384
GBR,SDG_0852_SEX_AGE_RT,BA:2247,SEX_T,AGE_YTHADULT_Y15-64,2016,4.9368,,,,R1:2384
GBR,SDG_0852_SEX_AGE_RT,BA:2247,SEX_T,AGE_YTHADULT_Y15-64,2017,4.4372,,,,R1:2384
GBR,SDG_0852_SEX_AGE_RT,BA:2247,SEX_T,AGE_YTHADULT_Y15-64,2018,4.0994,,,,R1:2384
GBR,SDG_0852_SEX_AGE_RT,BA:2247,SEX_T,AGE_YTHADULT_Y15-64,2019,3.8272,,,,R1:2384
GEO,SDG_0852_SEX_AGE_RT,BA:13950,SEX_T,AGE_YTHADULT_Y15-64,2017,15.2965,,,,R1:3513
GEO,SDG_0852_SEX_AGE_RT,BA:13950,SEX_T,AGE_YTHADULT_Y15-64,2018,13.9285,,,,R1:3513
GEO,SDG_0852_SEX_AGE_RT,BA:13950,SEX_T,AGE_YTHADULT_Y15-64,2019,12.9351,,,,R1:3513
GEO,SDG_0852_SEX_AGE_RT,BX:180,SEX_T,AGE_YTHADULT_Y15-64,2015,18.5588,,,,R1:3513
GEO,SDG_0852_SEX_AGE_RT,BX:180,SEX_T,AGE_YTHADULT_Y15-64,2016,18.5726,,,,R1:3513
GHA,SDG_0852_SEX_AGE_RT,BA:1163,SEX_T,AGE_YTHADULT_Y15-64,2015,7.0068,,,,R1:3513
GHA,SDG_0852_SEX_AGE_RT,BB:3078,SEX_T,AGE_YTHADULT_Y15-64,2017,4.3881,,,,R1:3513_S14:4077
GMB,SDG_0852_SEX_AGE_RT,BA:7014,SEX_T,AGE_YTHADULT_Y15-64,2018,10.4099,,,,R1:3513_S14:4077
GRC,SDG_0852_SEX_AGE_RT,BA:2240,SEX_T,AGE_YTHADULT_Y15-64,2015,25.1156,,,,R1:2384
GRC,SDG_0852_SEX_AGE_RT,BA:2240,SEX_T,AGE_YTHADULT_Y15-64,2016,23.7042,,,,R1:2384
GRC,SDG_0852_SEX_AGE_RT,BA:2240,SEX_T,AGE_YTHADULT_Y15-64,2017,21.6532,,,,R1:2384
GRC,SDG_0852_SEX_AGE_RT,BA:2240,SEX_T,AGE_YTHADULT_Y15-64,2018,19.4527,,,,R1:2384
GRC,SDG_0852_SEX_AGE_RT,BA:2240,SEX_T,AGE_YTHADULT_Y15-64,2019,17.469,,,,R1:2384
GTM,SDG_0852_SEX_AGE_RT,BA:660,SEX_T,AGE_YTHADULT_Y15-64,2015,2.6316,,,,R1:3513
GTM,SDG_0852_SEX_AGE_RT,BA:660,SEX_T,AGE_YTHADULT_Y15-64,2016,2.7129,,,,R1:3513
GTM,SDG_0852_SEX_AGE_RT,BA:660,SEX_T,AGE_YTHADULT_Y15-64,2017,2.5858,,,,R1:3513
GUY,SDG_0852_SEX_AGE_RT,BA:1214,SEX_T,AGE_YTHADULT_Y15-64,2018,14.3384,,,,R1:3513_S3:10
HND,SDG_0852_SEX_AGE_RT,BX:504,SEX_T,AGE_YTHADULT_Y15-64,2017,5.8636,,,,R1:3513_S3:9
HND,SDG_0852_SEX_AGE_RT,BX:504,SEX_T,AGE_YTHADULT_Y15-64,2018,5.9439,,,,R1:3513_S3:9
HND,SDG_0852_SEX_AGE_RT,BX:504,SEX_T,AGE_YTHADULT_Y15-64,2019,6.0426,,,,R1:3513_S3:9
HRV,SDG_0852_SEX_AGE_RT,BA:2251,SEX_T,AGE_YTHADULT_Y15-64,2015,16.392,,,,R1:2384
HRV,SDG_0852_SEX_AGE_RT,BA:2251,SEX_T,AGE_YTHADULT_Y15-64,2016,13.2681,,,,R1:2384
HRV,SDG_0852_SEX_AGE_RT,BA:2251,SEX_T,AGE_YTHADULT_Y15-64,2017,11.3036,,,,R1:2384
HRV,SDG_0852_SEX_AGE_RT,BA:2251,SEX_T,AGE_YTHADULT_Y15-64,2018,8.5474,,,,R1:2384
HRV,SDG_0852_SEX_AGE_RT,BA:2251,SEX_T,AGE_YTHADULT_Y15-64,2019,6.7154,,,,R1:2384
HUN,SDG_0852_SEX_AGE_RT,BA:2237,SEX_T,AGE_YTHADULT_Y15-64,2015,6.8478,,,,R1:2384
HUN,SDG_0852_SEX_AGE_RT,BA:2237,SEX_T,AGE_YTHADULT_Y15-64,2016,5.1475,,,,R1:2384
HUN,SDG_0852_SEX_AGE_RT,BA:2237,SEX_T,AGE_YTHADULT_Y15-64,2017,4.1949,,,,R1:2384
HUN,SDG_0852_SEX_AGE_RT,BA:2237,SEX_T,AGE_YTHADULT_Y15-64,2018,3.7482,,,,R1:2384
HUN,SDG_0852_SEX_AGE_RT,BA:2237,SEX_T,AGE_YTHADULT_Y15-64,2019,3.4536,,,,R1:2384
IDN,SDG_0852_SEX_AGE_RT,BA:510,SEX_T,AGE_YTHADULT_Y15-64,2015,4.7196,,,,R1:3513
IDN,SDG_0852_SEX_AGE_RT,BA:510,SEX_T,AGE_YTHADULT_Y15-64,2016,4.496,,,,R1:3513
IDN,SDG_0852_SEX_AGE_RT,BA:510,SEX_T,AGE_YTHADULT_Y15-64,2017,4.0676,,,,R1:3513
IDN,SDG_0852_SEX_AGE_RT,BA:510,SEX_T,AGE_YTHADULT_Y15-64,2018,4.6184,,,,R1:3513
IDN,SDG_0852_SEX_AGE_RT,BA:510,SEX_T,AGE_YTHADULT_Y15-64,2019,3.8117,,,,R1:3513
IND,SDG_0852_SEX_AGE_RT,BA:14121,SEX_T,AGE_YTHADULT_Y15-64,2018,5.5147,,,,R1:3513_S3:26
IRL,SDG_0852_SEX_AGE_RT,BA:772,SEX_T,AGE_YTHADULT_Y15-64,2015,10.1369,,,,R1:2384
IRL,SDG_0852_SEX_AGE_RT,BA:772,SEX_T,AGE_YTHADULT_Y15-64,2016,8.5677,,,,R1:2384
IRL,SDG_0852_SEX_AGE_RT,BA:772,SEX_T,AGE_YTHADULT_Y15-64,2017,6.8699,B,,I11:264,R1:2384
IRL,SDG_0852_SEX_AGE_RT,BA:772,SEX_T,AGE_YTHADULT_Y15-64,2018,5.8878,,,,R1:2384
IRL,SDG_0852_SEX_AGE_RT,BA:772,SEX_T,AGE_YTHADULT_Y15-64,2019,5.0821,,,,R1:2384
IRN,SDG_0852_SEX_AGE_RT,BA:675,SEX_T,AGE_YTHADULT_Y15-64,2015,11.28,,,,S5:40_T2:239
IRN,SDG_0852_SEX_AGE_RT,BA:675,SEX_T,AGE_YTHADULT_Y15-64,2016,12.67,,,,S5:40_T2:239
IRN,SDG_0852_SEX_AGE_RT,BA:675,SEX_T,AGE_YTHADULT_Y15-64,2017,12.34,,,,S14:3359_S5:40_T2:239
IRN,SDG_0852_SEX_AGE_RT,BA:675,SEX_T,AGE_YTHADULT_Y15-64,2018,12.31,,,,S14:3359_S5:40_T2:239
IRQ,SDG_0852_SEX_AGE_RT,BB:3075,SEX_T,AGE_YTHADULT_Y15-64,2016,10.86,,,,
IRQ,SDG_0852_SEX_AGE_RT,BB:3075,SEX_T,AGE_YTHADULT_Y15-64,2017,13.05,,,,
ISL,SDG_0852_SEX_AGE_RT,BA:2255,SEX_T,AGE_YTHADULT_Y15-64,2015,4.1591,,,,R1:2384
ISL,SDG_0852_SEX_AGE_RT,BA:2255,SEX_T,AGE_YTHADULT_Y15-64,2016,3.1203,,,,R1:2384
ISL,SDG_0852_SEX_AGE_RT,BA:2255,SEX_T,AGE_YTHADULT_Y15-64,2017,2.8842,,,,R1:2384
ISL,SDG_0852_SEX_AGE_RT,BA:2255,SEX_T,AGE_YTHADULT_Y15-64,2018,2.7626,,,,R1:2384
ISL,SDG_0852_SEX_AGE_RT,BA:2255,SEX_T,AGE_YTHADULT_Y15-64,2019,3.6336,,,,R1:2384
ISR,SDG_0852_SEX_AGE_RT,BA:706,SEX_T,AGE_YTHADULT_Y15-64,2015,5.343,,,,R1:2382
ISR,SDG_0852_SEX_AGE_RT,BA:706,SEX_T,AGE_YTHADULT_Y15-64,2016,4.891,,,,R1:2382
ISR,SDG_0852_SEX_AGE_RT,BA:706,SEX_T,AGE_YTHADULT_Y15-64,2017,4.289,,,,R1:2382
ISR,SDG_0852_SEX_AGE_RT,BA:706,SEX_T,AGE_YTHADULT_Y15-64,2018,4.091,,,,R1:2382
ISR,SDG_0852_SEX_AGE_RT,BA:706,SEX_T,AGE_YTHADULT_Y15-64,2019,3.899,,,,R1:2382
JOR,SDG_0852_SEX_AGE_RT,BA:682,SEX_T,AGE_YTHADULT_Y15-64,2017,18.298,,,,R1:3513_S14:4077
JOR,SDG_0852_SEX_AGE_RT,BA:682,SEX_T,AGE_YTHADULT_Y15-64,2018,18.4176,,,,R1:3513_S14:4077
JOR,SDG_0852_SEX_AGE_RT,BA:682,SEX_T,AGE_YTHADULT_Y15-64,2019,16.8941,,,,R1:3513_S14:4077
JPN,SDG_0852_SEX_AGE_RT,BA:259,SEX_T,AGE_YTHADULT_Y15-64,2015,3.5,,,,
JPN,SDG_0852_SEX_AGE_RT,BA:259,SEX_T,AGE_YTHADULT_Y15-64,2016,3.3,,,,
JPN,SDG_0852_SEX_AGE_RT,BA:259,SEX_T,AGE_YTHADULT_Y15-64,2017,3,,,,
JPN,SDG_0852_SEX_AGE_RT,BA:259,SEX_T,AGE_YTHADULT_Y15-64,2018,2.6,,,,
JPN,SDG_0852_SEX_AGE_RT,BA:259,SEX_T,AGE_YTHADULT_Y15-64,2019,2.5,,,,
KAZ,SDG_0852_SEX_AGE_RT,BA:632,SEX_T,AGE_YTHADULT_Y15-64,2017,4.93,,,,S14:4077_S5:38
KEN,SDG_0852_SEX_AGE_RT,BB:7021,SEX_T,AGE_YTHADULT_Y15-64,2016,2.9259,,,,R1:3513
KGZ,SDG_0852_SEX_AGE_RT,BA:496,SEX_T,AGE_YTHADULT_Y15-64,2015,7.61,,,,
KGZ,SDG_0852_SEX_AGE_RT,BA:496,SEX_T,AGE_YTHADULT_Y15-64,2016,7.29,,,,
KGZ,SDG_0852_SEX_AGE_RT,BA:496,SEX_T,AGE_YTHADULT_Y15-64,2017,6.97,,,,S14:4077
KGZ,SDG_0852_SEX_AGE_RT,BA:496,SEX_T,AGE_YTHADULT_Y15-64,2018,4.5927,,,,R1:3513
KHM,SDG_0852_SEX_AGE_RT,BB:3064,SEX_T,AGE_YTHADULT_Y15-64,2015,0.3885,,,,R1:3513
KHM,SDG_0852_SEX_AGE_RT,BB:3064,SEX_T,AGE_YTHADULT_Y15-64,2016,0.6945,,,,R1:3513
KIR,SDG_0852_SEX_AGE_RT,AA:1326,SEX_T,AGE_YTHADULT_Y15-64,2015,9.5474,,,,R1:3513_S14:4077
KOR,SDG_0852_SEX_AGE_RT,BA:222,SEX_T,AGE_YTHADULT_Y15-64,2015,3.6598,,,,R1:3513
KOR,SDG_0852_SEX_AGE_RT,BA:222,SEX_T,AGE_YTHADULT_Y15-64,2016,3.7766,,,,R1:3513
KOR,SDG_0852_SEX_AGE_RT,BA:222,SEX_T,AGE_YTHADULT_Y15-64,2017,3.7447,,,,R1:3513
KOR,SDG_0852_SEX_AGE_RT,BA:222,SEX_T,AGE_YTHADULT_Y15-64,2018,3.9184,,,,R1:3513
KOR,SDG_0852_SEX_AGE_RT,BA:222,SEX_T,AGE_YTHADULT_Y15-64,2019,3.7967,,,,R1:3513
KOS,SDG_0852_SEX_AGE_RT,BA:700,SEX_T,AGE_YTHADULT_Y15-64,2015,32.93,,,,
KOS,SDG_0852_SEX_AGE_RT,BA:700,SEX_T,AGE_YTHADULT_Y15-64,2016,27.54,,,,
KOS,SDG_0852_SEX_AGE_RT,BA:700,SEX_T,AGE_YTHADULT_Y15-64,2017,30.48,,,,
KOS,SDG_0852_SEX_AGE_RT,BA:700,SEX_T,AGE_YTHADULT_Y15-64,2018,29.58,,,,S14:4077
KOS,SDG_0852_SEX_AGE_RT,BA:700,SEX_T,AGE_YTHADULT_Y15-64,2019,25.6966,,,,R1:3513
KWT,SDG_0852_SEX_AGE_RT,BA:1334,SEX_T,AGE_YTHADULT_Y15-64,2016,2.19,,,,S14:4077_S3:11_S5:41
LAO,SDG_0852_SEX_AGE_RT,BA:6651,SEX_T,AGE_YTHADULT_Y15-64,2017,9.5466,,,,R1:3513_S14:4077
LBN,SDG_0852_SEX_AGE_RT,BA:14074,SEX_T,AGE_YTHADULT_Y15-64,2019,11.7253,,,,R1:3513_S14:4077
LBR,SDG_0852_SEX_AGE_RT,BB:7322,SEX_T,AGE_YTHADULT_Y15-64,2015,2.1419,B,,I11:264,R1:3513_T2:254
LBR,SDG_0852_SEX_AGE_RT,BB:7322,SEX_T,AGE_YTHADULT_Y15-64,2016,3.1438,,,,R1:3513_T2:254
LCA,SDG_0852_SEX_AGE_RT,BA:1352,SEX_T,AGE_YTHADULT_Y15-64,2017,19.5286,,,,R1:3513_T2:254
LCA,SDG_0852_SEX_AGE_RT,BA:1352,SEX_T,AGE_YTHADULT_Y15-64,2018,19.8022,,,,R1:3513_T2:254
LCA,SDG_0852_SEX_AGE_RT,BA:1352,SEX_T,AGE_YTHADULT_Y15-64,2019,16.0378,,,,R1:3513_T2:254
LKA,SDG_0852_SEX_AGE_RT,BA:1359,SEX_T,AGE_YTHADULT_Y15-64,2015,4.7689,,,,R1:3513
LKA,SDG_0852_SEX_AGE_RT,BA:1359,SEX_T,AGE_YTHADULT_Y15-64,2016,4.4989,,,,R1:3513
LKA,SDG_0852_SEX_AGE_RT,BA:1359,SEX_T,AGE_YTHADULT_Y15-64,2017,4.2853,,,,R1:3513
LKA,SDG_0852_SEX_AGE_RT,BA:1359,SEX_T,AGE_YTHADULT_Y15-64,2018,4.5742,,,,R1:3513
LTU,SDG_0852_SEX_AGE_RT,BA:2245,SEX_T,AGE_YTHADULT_Y15-64,2015,9.3162,,,,R1:2384
LTU,SDG_0852_SEX_AGE_RT,BA:2245,SEX_T,AGE_YTHADULT_Y15-64,2016,8.0622,,,,R1:2384
LTU,SDG_0852_SEX_AGE_RT,BA:2245,SEX_T,AGE_YTHADULT_Y15-64,2017,7.2996,,,,R1:2384
LTU,SDG_0852_SEX_AGE_RT,BA:2245,SEX_T,AGE_YTHADULT_Y15-64,2018,6.3348,,,,R1:2384
LTU,SDG_0852_SEX_AGE_RT,BA:2245,SEX_T,AGE_YTHADULT_Y15-64,2019,6.4748,,,,R1:2384
LUX,SDG_0852_SEX_AGE_RT,BA:2261,SEX_T,AGE_YTHADULT_Y15-64,2015,6.7057,B,,I11:264,R1:2384
LUX,SDG_0852_SEX_AGE_RT,BA:2261,SEX_T,AGE_YTHADULT_Y15-64,2016,6.3068,,,,R1:2384
LUX,SDG_0852_SEX_AGE_RT,BA:2261,SEX_T,AGE_YTHADULT_Y15-64,2017,5.5186,,,,R1:2384
LUX,SDG_0852_SEX_AGE_RT,BA:2261,SEX_T,AGE_YTHADULT_Y15-64,2018,5.6106,,,,R1:2384
LUX,SDG_0852_SEX_AGE_RT,BA:2261,SEX_T,AGE_YTHADULT_Y15-64,2019,5.6197,,,,R1:2384
LVA,SDG_0852_SEX_AGE_RT,BA:2246,SEX_T,AGE_YTHADULT_Y15-64,2015,10.0768,,,,R1:2384
LVA,SDG_0852_SEX_AGE_RT,BA:2246,SEX_T,AGE_YTHADULT_Y15-64,2016,9.9006,,,,R1:2384
LVA,SDG_0852_SEX_AGE_RT,BA:2246,SEX_T,AGE_YTHADULT_Y15-64,2017,8.9114,,,,R1:2384
LVA,SDG_0852_SEX_AGE_RT,BA:2246,SEX_T,AGE_YTHADULT_Y15-64,2018,7.5932,,,,R1:2384
LVA,SDG_0852_SEX_AGE_RT,BA:2246,SEX_T,AGE_YTHADULT_Y15-64,2019,6.5025,,,,R1:2384
MDA,SDG_0852_SEX_AGE_RT,BA:571,SEX_T,AGE_YTHADULT_Y15-64,2015,4.851,,,,R1:3513
MDA,SDG_0852_SEX_AGE_RT,BA:571,SEX_T,AGE_YTHADULT_Y15-64,2016,4.1876,,,,R1:3513
MDA,SDG_0852_SEX_AGE_RT,BA:571,SEX_T,AGE_YTHADULT_Y15-64,2017,4.2472,,,,R1:3513
MDA,SDG_0852_SEX_AGE_RT,BA:571,SEX_T,AGE_YTHADULT_Y15-64,2018,4.1985,,,,R1:3513
MDA,SDG_0852_SEX_AGE_RT,BA:571,SEX_T,AGE_YTHADULT_Y15-64,2019,5.2547,,,,R1:3513
MDG,SDG_0852_SEX_AGE_RT,BA:7423,SEX_T,AGE_YTHADULT_Y15-64,2015,1.857,,,,R1:3513
MDV,SDG_0852_SEX_AGE_RT,BB:704,SEX_T,AGE_YTHADULT_Y15-64,2016,6.1948,,,,R1:3513_S14:4077
MEX,SDG_0852_SEX_AGE_RT,BA:463,SEX_T,AGE_YTHADULT_Y15-64,2015,4.4781,,,,R1:3513
MEX,SDG_0852_SEX_AGE_RT,BA:463,SEX_T,AGE_YTHADULT_Y15-64,2016,4.0087,,,,R1:3513
MEX,SDG_0852_SEX_AGE_RT,BA:463,SEX_T,AGE_YTHADULT_Y15-64,2017,3.5493,,,,R1:3513
MEX,SDG_0852_SEX_AGE_RT,BA:463,SEX_T,AGE_YTHADULT_Y15-64,2018,3.4141,,,,R1:3513
MEX,SDG_0852_SEX_AGE_RT,BA:463,SEX_T,AGE_YTHADULT_Y15-64,2019,3.6283,,,,R1:3513
MKD,SDG_0852_SEX_AGE_RT,BA:2239,SEX_T,AGE_YTHADULT_Y15-64,2015,26.3111,,,,R1:2384
MKD,SDG_0852_SEX_AGE_RT,BA:2239,SEX_T,AGE_YTHADULT_Y15-64,2016,23.9572,,,,R1:2384
MKD,SDG_0852_SEX_AGE_RT,BA:2239,SEX_T,AGE_YTHADULT_Y15-64,2017,22.5455,,,,R1:2384
MKD,SDG_0852_SEX_AGE_RT,BA:2239,SEX_T,AGE_YTHADULT_Y15-64,2018,20.9631,,,,R1:2384
MKD,SDG_0852_SEX_AGE_RT,BA:2239,SEX_T,AGE_YTHADULT_Y15-64,2019,17.4254,,,,R1:2384
MLI,SDG_0852_SEX_AGE_RT,BA:219,SEX_T,AGE_YTHADULT_Y15-64,2015,7.9846,,,,R1:3513
MLI,SDG_0852_SEX_AGE_RT,BA:219,SEX_T,AGE_YTHADULT_Y15-64,2016,1.4173,,,,R1:3513
MLI,SDG_0852_SEX_AGE_RT,BA:219,SEX_T,AGE_YTHADULT_Y15-64,2017,7.6531,,,,R1:3513
MLI,SDG_0852_SEX_AGE_RT,BA:219,SEX_T,AGE_YTHADULT_Y15-64,2018,1.6781,,,,R1:3513
MLT,SDG_0852_SEX_AGE_RT,BA:2248,SEX_T,AGE_YTHADULT_Y15-64,2015,5.4332,,,,R1:2384
MLT,SDG_0852_SEX_AGE_RT,BA:2248,SEX_T,AGE_YTHADULT_Y15-64,2016,4.7171,,,,R1:2384
MLT,SDG_0852_SEX_AGE_RT,BA:2248,SEX_T,AGE_YTHADULT_Y15-64,2017,4.0631,,,,R1:2384
MLT,SDG_0852_SEX_AGE_RT,BA:2248,SEX_T,AGE_YTHADULT_Y15-64,2018,3.7204,,,,R1:2384
MLT,SDG_0852_SEX_AGE_RT,BA:2248,SEX_T,AGE_YTHADULT_Y15-64,2019,3.4648,,,,R1:2384
MMR,SDG_0852_SEX_AGE_RT,BA:7009,SEX_T,AGE_YTHADULT_Y15-64,2015,0.779,B,,I11:264,R1:3513
MMR,SDG_0852_SEX_AGE_RT,BA:7009,SEX_T,AGE_YTHADULT_Y15-64,2017,1.5795,,,,R1:3513_S14:4077
MMR,SDG_0852_SEX_AGE_RT,BA:7009,SEX_T,AGE_YTHADULT_Y15-64,2018,0.8835,,,,R1:3513_S14:4077
MMR,SDG_0852_SEX_AGE_RT,BA:7009,SEX_T,AGE_YTHADULT_Y15-64,2019,0.5102,,,,R1:3513_S14:4077
MNE,SDG_0852_SEX_AGE_RT,BA:469,SEX_T,AGE_YTHADULT_Y15-64,2015,17.8172,,,,R1:2384
MNE,SDG_0852_SEX_AGE_RT,BA:469,SEX_T,AGE_YTHADULT_Y15-64,2016,17.9909,,,,R1:2384
MNE,SDG_0852_SEX_AGE_RT,BA:469,SEX_T,AGE_YTHADULT_Y15-64,2017,16.3612,,,,R1:2384
MNE,SDG_0852_SEX_AGE_RT,BA:469,SEX_T,AGE_YTHADULT_Y15-64,2018,15.4802,,,,R1:2384
MNE,SDG_0852_SEX_AGE_RT,BA:469,SEX_T,AGE_YTHADULT_Y15-64,2019,15.3949,,,,R1:2384
MNG,SDG_0852_SEX_AGE_RT,BA:702,SEX_T,AGE_YTHADULT_Y15-64,2015,4.9039,,,,R1:3513
MNG,SDG_0852_SEX_AGE_RT,BA:702,SEX_T,AGE_YTHADULT_Y15-64,2016,7.3115,,,,R1:3513
MNG,SDG_0852_SEX_AGE_RT,BA:702,SEX_T,AGE_YTHADULT_Y15-64,2017,6.433,,,,R1:3513
MNG,SDG_0852_SEX_AGE_RT,BA:702,SEX_T,AGE_YTHADULT_Y15-64,2018,5.439,,,,R1:3513
MNG,SDG_0852_SEX_AGE_RT,BA:702,SEX_T,AGE_YTHADULT_Y15-64,2019,10.179,,,,R1:3513_S14:4077
MOZ,SDG_0852_SEX_AGE_RT,BB:8363,SEX_T,AGE_YTHADULT_Y15-64,2015,3.6176,,,,R1:3513
MRT,SDG_0852_SEX_AGE_RT,BA:3506,SEX_T,AGE_YTHADULT_Y15-64,2017,10.652,,,,R1:3513_T2:239_T3:240
MUS,SDG_0852_SEX_AGE_RT,BA:82,SEX_T,AGE_YTHADULT_Y15-64,2015,7.5418,,,,R1:3513_T2:85
MUS,SDG_0852_SEX_AGE_RT,BA:82,SEX_T,AGE_YTHADULT_Y15-64,2016,6.9512,,,,R1:3513_T2:85
MUS,SDG_0852_SEX_AGE_RT,BA:82,SEX_T,AGE_YTHADULT_Y15-64,2017,6.9142,,,,R1:3513_T2:85
MUS,SDG_0852_SEX_AGE_RT,BA:82,SEX_T,AGE_YTHADULT_Y15-64,2018,6.548,,,,R1:3513_T2:85
MUS,SDG_0852_SEX_AGE_RT,BA:82,SEX_T,AGE_YTHADULT_Y15-64,2019,6.4708,,,,R1:3513_T2:85
MWI,SDG_0852_SEX_AGE_RT,BB:7392,SEX_T,AGE_YTHADULT_Y15-64,2017,28.5888,,,,R1:3513_S3:26
MYS,SDG_0852_SEX_AGE_RT,BA:544,SEX_T,AGE_YTHADULT_Y15-64,2015,3.1,,,,T3:94
MYS,SDG_0852_SEX_AGE_RT,BA:544,SEX_T,AGE_YTHADULT_Y15-64,2016,3.44,,,,S5:40_T3:94
MYS,SDG_0852_SEX_AGE_RT,BA:544,SEX_T,AGE_YTHADULT_Y15-64,2018,3.3,,,,S14:4077_T3:94
NAM,SDG_0852_SEX_AGE_RT,BA:1468,SEX_T,AGE_YTHADULT_Y15-64,2016,24.0633,,,,R1:3513
NAM,SDG_0852_SEX_AGE_RT,BA:1468,SEX_T,AGE_YTHADULT_Y15-64,2018,20.7892,,,,R1:3513
NER,SDG_0852_SEX_AGE_RT,BA:14097,SEX_T,AGE_YTHADULT_Y15-64,2017,8.117,,,,R1:3513
NGA,SDG_0852_SEX_AGE_RT,BX:7338,SEX_T,AGE_YTHADULT_Y15-64,2019,8.9726,,,,R1:3513_S14:4077
NLD,SDG_0852_SEX_AGE_RT,BA:2236,SEX_T,AGE_YTHADULT_Y15-64,2015,6.9219,,,,R1:2384
NLD,SDG_0852_SEX_AGE_RT,BA:2236,SEX_T,AGE_YTHADULT_Y15-64,2016,6.0582,,,,R1:2384
NLD,SDG_0852_SEX_AGE_RT,BA:2236,SEX_T,AGE_YTHADULT_Y15-64,2017,4.8637,,,,R1:2384
NLD,SDG_0852_SEX_AGE_RT,BA:2236,SEX_T,AGE_YTHADULT_Y15-64,2018,3.8309,,,,R1:2384
NLD,SDG_0852_SEX_AGE_RT,BA:2236,SEX_T,AGE_YTHADULT_Y15-64,2019,3.3744,,,,R1:2384
NOR,SDG_0852_SEX_AGE_RT,BA:2250,SEX_T,AGE_YTHADULT_Y15-64,2015,4.4206,,,,R1:2384
NOR,SDG_0852_SEX_AGE_RT,BA:2250,SEX_T,AGE_YTHADULT_Y15-64,2016,4.8121,,,,R1:2384
NOR,SDG_0852_SEX_AGE_RT,BA:2250,SEX_T,AGE_YTHADULT_Y15-64,2017,4.2716,,,,R1:2384
NOR,SDG_0852_SEX_AGE_RT,BA:2250,SEX_T,AGE_YTHADULT_Y15-64,2018,3.9204,,,,R1:2384
NOR,SDG_0852_SEX_AGE_RT,BA:2250,SEX_T,AGE_YTHADULT_Y15-64,2019,3.7848,,,,R1:2384
NPL,SDG_0852_SEX_AGE_RT,BA:1510,SEX_T,AGE_YTHADULT_Y15-64,2017,11.6829,,,,R1:3513_S14:4077
NZL,SDG_0852_SEX_AGE_RT,BA:117,SEX_T,AGE_YTHADULT_Y15-64,2015,5.5835,,,,
NZL,SDG_0852_SEX_AGE_RT,BA:117,SEX_T,AGE_YTHADULT_Y15-64,2016,5.329,,,,R1:2382
NZL,SDG_0852_SEX_AGE_RT,BA:117,SEX_T,AGE_YTHADULT_Y15-64,2017,4.941,,,,R1:2382
NZL,SDG_0852_SEX_AGE_RT,BA:117,SEX_T,AGE_YTHADULT_Y15-64,2018,4.4792,,,,
NZL,SDG_0852_SEX_AGE_RT,BA:117,SEX_T,AGE_YTHADULT_Y15-64,2019,4.2537,,,,
OMN,SDG_0852_SEX_AGE_RT,BA:1520,SEX_T,AGE_YTHADULT_Y15-64,2016,3.28,,,I11:264,T3:3712
PAK,SDG_0852_SEX_AGE_RT,BA:538,SEX_T,AGE_YTHADULT_Y15-64,2015,3.4409,,,,R1:3513
PAK,SDG_0852_SEX_AGE_RT,BA:538,SEX_T,AGE_YTHADULT_Y15-64,2018,4.1185,,,,R1:3513_S3:26
PAN,SDG_0852_SEX_AGE_RT,BA:511,SEX_T,AGE_YTHADULT_Y15-64,2015,3.153,,,,R1:3513_S3:19
PAN,SDG_0852_SEX_AGE_RT,BA:511,SEX_T,AGE_YTHADULT_Y15-64,2016,3.4709,,,,R1:3513_S3:19
PAN,SDG_0852_SEX_AGE_RT,BA:511,SEX_T,AGE_YTHADULT_Y15-64,2017,4.1118,,,,R1:3513_S3:19
PAN,SDG_0852_SEX_AGE_RT,BA:511,SEX_T,AGE_YTHADULT_Y15-64,2018,4.0799,,,,R1:3513_S3:19
PAN,SDG_0852_SEX_AGE_RT,BA:511,SEX_T,AGE_YTHADULT_Y15-64,2019,4.9913,,,,R1:3513_S3:19
PHL,SDG_0852_SEX_AGE_RT,BA:629,SEX_T,AGE_YTHADULT_Y15-64,2015,3.1852,,,,R1:3513
PHL,SDG_0852_SEX_AGE_RT,BA:629,SEX_T,AGE_YTHADULT_Y15-64,2016,2.8084,,,,R1:3513
PHL,SDG_0852_SEX_AGE_RT,BA:629,SEX_T,AGE_YTHADULT_Y15-64,2017,2.6514,,,,R1:3513
PHL,SDG_0852_SEX_AGE_RT,BA:629,SEX_T,AGE_YTHADULT_Y15-64,2018,2.4354,,,,R1:3513
PHL,SDG_0852_SEX_AGE_RT,BA:629,SEX_T,AGE_YTHADULT_Y15-64,2019,2.3272,,,,R1:3513
POL,SDG_0852_SEX_AGE_RT,BA:2241,SEX_T,AGE_YTHADULT_Y15-64,2015,7.598,,,,R1:2384
POL,SDG_0852_SEX_AGE_RT,BA:2241,SEX_T,AGE_YTHADULT_Y15-64,2016,6.2444,,,,R1:2384
POL,SDG_0852_SEX_AGE_RT,BA:2241,SEX_T,AGE_YTHADULT_Y15-64,2017,4.9669,,,,R1:2384
POL,SDG_0852_SEX_AGE_RT,BA:2241,SEX_T,AGE_YTHADULT_Y15-64,2018,3.9102,,,,R1:2384
POL,SDG_0852_SEX_AGE_RT,BA:2241,SEX_T,AGE_YTHADULT_Y15-64,2019,3.3362,,,,R1:2384
PRT,SDG_0852_SEX_AGE_RT,BA:2252,SEX_T,AGE_YTHADULT_Y15-64,2015,12.9375,,,,R1:2384
PRT,SDG_0852_SEX_AGE_RT,BA:2252,SEX_T,AGE_YTHADULT_Y15-64,2016,11.5052,,,,R1:2384
PRT,SDG_0852_SEX_AGE_RT,BA:2252,SEX_T,AGE_YTHADULT_Y15-64,2017,9.1843,,,,R1:2384
PRT,SDG_0852_SEX_AGE_RT,BA:2252,SEX_T,AGE_YTHADULT_Y15-64,2018,7.2601,,,,R1:2384
PRT,SDG_0852_SEX_AGE_RT,BA:2252,SEX_T,AGE_YTHADULT_Y15-64,2019,6.7021,,,,R1:2384
PRY,SDG_0852_SEX_AGE_RT,BX:534,SEX_T,AGE_YTHADULT_Y15-64,2015,4.73,,,,R1:3513
PRY,SDG_0852_SEX_AGE_RT,BX:534,SEX_T,AGE_YTHADULT_Y15-64,2016,5.388,,,,R1:3513
PRY,SDG_0852_SEX_AGE_RT,BX:534,SEX_T,AGE_YTHADULT_Y15-64,2017,4.743,,,,R1:3513
PRY,SDG_0852_SEX_AGE_RT,BX:14043,SEX_T,AGE_YTHADULT_Y15-64,2018,6.3966,,,,R1:3513
PRY,SDG_0852_SEX_AGE_RT,BX:14043,SEX_T,AGE_YTHADULT_Y15-64,2019,6.8408,,,,R1:3513
PSE,SDG_0852_SEX_AGE_RT,BA:592,SEX_T,AGE_YTHADULT_Y15-64,2015,23.1981,,,,R1:3513
PSE,SDG_0852_SEX_AGE_RT,BA:592,SEX_T,AGE_YTHADULT_Y15-64,2016,24.1046,,,,R1:3513
PSE,SDG_0852_SEX_AGE_RT,BA:592,SEX_T,AGE_YTHADULT_Y15-64,2017,25.8322,,,,R1:3513
PSE,SDG_0852_SEX_AGE_RT,BA:592,SEX_T,AGE_YTHADULT_Y15-64,2018,26.4584,,,,R1:3513
PSE,SDG_0852_SEX_AGE_RT,BA:592,SEX_T,AGE_YTHADULT_Y15-64,2019,25.5714,,,,R1:3513
ROU,SDG_0852_SEX_AGE_RT,BA:2235,SEX_T,AGE_YTHADULT_Y15-64,2015,7.0373,,,,R1:2384
ROU,SDG_0852_SEX_AGE_RT,BA:2235,SEX_T,AGE_YTHADULT_Y15-64,2016,6.0909,,,,R1:2384
ROU,SDG_0852_SEX_AGE_RT,BA:2235,SEX_T,AGE_YTHADULT_Y15-64,2017,5.0922,,,,R1:2384
ROU,SDG_0852_SEX_AGE_RT,BA:2235,SEX_T,AGE_YTHADULT_Y15-64,2018,4.3288,,,,R1:2384
ROU,SDG_0852_SEX_AGE_RT,BA:2235,SEX_T,AGE_YTHADULT_Y15-64,2019,4.0269,,,,R1:2384
RUS,SDG_0852_SEX_AGE_RT,BA:120,SEX_T,AGE_YTHADULT_Y15-64,2015,5.6044,,,,R1:3513
RUS,SDG_0852_SEX_AGE_RT,BA:120,SEX_T,AGE_YTHADULT_Y15-64,2016,5.5892,,,,R1:3513
RUS,SDG_0852_SEX_AGE_RT,BA:120,SEX_T,AGE_YTHADULT_Y15-64,2017,5.242,,,,R1:3513
RUS,SDG_0852_SEX_AGE_RT,BA:120,SEX_T,AGE_YTHADULT_Y15-64,2018,4.8826,,,,R1:3513
RUS,SDG_0852_SEX_AGE_RT,BA:120,SEX_T,AGE_YTHADULT_Y15-64,2019,4.5294,,,,R1:3513
RWA,SDG_0852_SEX_AGE_RT,BA:1590,SEX_T,AGE_YTHADULT_Y15-64,2017,17.4605,,,,R1:3513_S14:4077
RWA,SDG_0852_SEX_AGE_RT,BA:1590,SEX_T,AGE_YTHADULT_Y15-64,2018,15.2373,,,,R1:3513_S14:4077
RWA,SDG_0852_SEX_AGE_RT,BA:1590,SEX_T,AGE_YTHADULT_Y15-64,2019,15.5065,,,,R1:3513_S14:4077
SAU,SDG_0852_SEX_AGE_RT,BA:627,SEX_T,AGE_YTHADULT_Y15-64,2015,5.66,,,,S3:7
SAU,SDG_0852_SEX_AGE_RT,BA:627,SEX_T,AGE_YTHADULT_Y15-64,2016,5.7,,,,S3:7
SAU,SDG_0852_SEX_AGE_RT,BA:627,SEX_T,AGE_YTHADULT_Y15-64,2018,6.1,,,,S3:7
SEN,SDG_0852_SEX_AGE_RT,BA:13368,SEX_T,AGE_YTHADULT_Y15-64,2015,6.921,,,,R1:3513
SGP,SDG_0852_SEX_AGE_RT,BA:5873,SEX_T,AGE_YTHADULT_Y15-64,2015,3.76,,,,S3:17_S5:356
SGP,SDG_0852_SEX_AGE_RT,BA:5873,SEX_T,AGE_YTHADULT_Y15-64,2016,4.1,,,,S3:17_S5:356
SLV,SDG_0852_SEX_AGE_RT,BX:461,SEX_T,AGE_YTHADULT_Y15-64,2015,4.1581,,,,R1:3513_T2:85
SLV,SDG_0852_SEX_AGE_RT,BX:461,SEX_T,AGE_YTHADULT_Y15-64,2016,4.6146,,,,R1:3513_T2:85
SLV,SDG_0852_SEX_AGE_RT,BX:461,SEX_T,AGE_YTHADULT_Y15-64,2017,4.5855,,,,R1:3513_T2:85
SLV,SDG_0852_SEX_AGE_RT,BX:461,SEX_T,AGE_YTHADULT_Y15-64,2018,4.2247,,,,R1:3513_T2:85
SLV,SDG_0852_SEX_AGE_RT,BX:461,SEX_T,AGE_YTHADULT_Y15-64,2019,4.3819,,,,R1:3513_T2:85
SMR,SDG_0852_SEX_AGE_RT,EA:5918,SEX_T,AGE_YTHADULT_Y15-64,2015,7.41,,,,S3:24
SMR,SDG_0852_SEX_AGE_RT,EA:5918,SEX_T,AGE_YTHADULT_Y15-64,2016,6.46,,,,S3:24
SRB,SDG_0852_SEX_AGE_RT,BA:467,SEX_T,AGE_YTHADULT_Y15-64,2015,18.2366,,,,R1:3513
SRB,SDG_0852_SEX_AGE_RT,BA:467,SEX_T,AGE_YTHADULT_Y15-64,2016,15.9236,,,,R1:3513
SRB,SDG_0852_SEX_AGE_RT,BA:467,SEX_T,AGE_YTHADULT_Y15-64,2017,14.056,,,,R1:3513
SRB,SDG_0852_SEX_AGE_RT,BA:467,SEX_T,AGE_YTHADULT_Y15-64,2018,13.3063,,,,R1:3513
SRB,SDG_0852_SEX_AGE_RT,BA:467,SEX_T,AGE_YTHADULT_Y15-64,2019,10.9285,,,,R1:3513
SUR,SDG_0852_SEX_AGE_RT,BA:6647,SEX_T,AGE_YTHADULT_Y15-64,2015,7.22,,,,S3:6_S4:31_S5:40_T3:94
SUR,SDG_0852_SEX_AGE_RT,BB:15691,SEX_T,AGE_YTHADULT_Y15-64,2016,7.9957,,,,R1:3513
SVK,SDG_0852_SEX_AGE_RT,BA:2254,SEX_T,AGE_YTHADULT_Y15-64,2015,11.5436,,,,R1:2384
SVK,SDG_0852_SEX_AGE_RT,BA:2254,SEX_T,AGE_YTHADULT_Y15-64,2016,9.7253,,,,R1:2384
SVK,SDG_0852_SEX_AGE_RT,BA:2254,SEX_T,AGE_YTHADULT_Y15-64,2017,8.198,,,,R1:2384
SVK,SDG_0852_SEX_AGE_RT,BA:2254,SEX_T,AGE_YTHADULT_Y15-64,2018,6.6088,,,,R1:2384
SVK,SDG_0852_SEX_AGE_RT,BA:2254,SEX_T,AGE_YTHADULT_Y15-64,2019,5.8365,,,,R1:2384
SVN,SDG_0852_SEX_AGE_RT,BA:2243,SEX_T,AGE_YTHADULT_Y15-64,2015,9.1056,,,,R1:2384
SVN,SDG_0852_SEX_AGE_RT,BA:2243,SEX_T,AGE_YTHADULT_Y15-64,2016,8.102,,,,R1:2384
SVN,SDG_0852_SEX_AGE_RT,BA:2243,SEX_T,AGE_YTHADULT_Y15-64,2017,6.6658,,,,R1:2384
SVN,SDG_0852_SEX_AGE_RT,BA:2243,SEX_T,AGE_YTHADULT_Y15-64,2018,5.2024,,,,R1:2384
SVN,SDG_0852_SEX_AGE_RT,BA:2243,SEX_T,AGE_YTHADULT_Y15-64,2019,4.5022,,,,R1:2384
SWE,SDG_0852_SEX_AGE_RT,BA:2519,SEX_T,AGE_YTHADULT_Y15-64,2015,7.6114,,,,R1:2384
SWE,SDG_0852_SEX_AGE_RT,BA:2519,SEX_T,AGE_YTHADULT_Y15-64,2016,7.1487,,,,R1:2384
SWE,SDG_0852_SEX_AGE_RT,BA:2519,SEX_T,AGE_YTHADULT_Y15-64,2017,6.8632,,,,R1:2384
SWE,SDG_0852_SEX_AGE_RT,BA:2519,SEX_T,AGE_YTHADULT_Y15-64,2018,6.4974,B,,I11:264,R1:2384
SWE,SDG_0852_SEX_AGE_RT,BA:2519,SEX_T,AGE_YTHADULT_Y15-64,2019,6.9997,,,,R1:2384
SWZ,SDG_0852_SEX_AGE_RT,BA:1672,SEX_T,AGE_YTHADULT_Y15-64,2016,23.1855,,,,R1:3513
SYC,SDG_0852_SEX_AGE_RT,BA:2524,SEX_T,AGE_YTHADULT_Y15-64,2015,4.2156,,,,R1:3513
SYC,SDG_0852_SEX_AGE_RT,BA:2524,SEX_T,AGE_YTHADULT_Y15-64,2016,4.0413,,,,R1:3513
SYC,SDG_0852_SEX_AGE_RT,BA:2524,SEX_T,AGE_YTHADULT_Y15-64,2017,3.7671,,,,R1:3513
SYC,SDG_0852_SEX_AGE_RT,BA:2524,SEX_T,AGE_YTHADULT_Y15-64,2018,3.586,,,,R1:3513
SYC,SDG_0852_SEX_AGE_RT,BA:2524,SEX_T,AGE_YTHADULT_Y15-64,2019,3.0057,,,,R1:3513
TCD,SDG_0852_SEX_AGE_RT,BB:15712,SEX_T,AGE_YTHADULT_Y15-64,2018,1.1961,,,,R1:3513
TGO,SDG_0852_SEX_AGE_RT,BA:14123,SEX_T,AGE_YTHADULT_Y15-64,2017,3.9603,,,,R1:3513_T2:239_T3:240
TGO,SDG_0852_SEX_AGE_RT,BB:686,SEX_T,AGE_YTHADULT_Y15-64,2015,2.3112,,,,R1:3513
THA,SDG_0852_SEX_AGE_RT,BA:741,SEX_T,AGE_YTHADULT_Y15-64,2015,0.6229,,,,R1:3513
THA,SDG_0852_SEX_AGE_RT,BA:741,SEX_T,AGE_YTHADULT_Y15-64,2016,0.7215,,,,R1:3513
THA,SDG_0852_SEX_AGE_RT,BA:741,SEX_T,AGE_YTHADULT_Y15-64,2017,0.87,,,,R1:3513
THA,SDG_0852_SEX_AGE_RT,BA:741,SEX_T,AGE_YTHADULT_Y15-64,2018,0.8062,,,,R1:3513
THA,SDG_0852_SEX_AGE_RT,BA:741,SEX_T,AGE_YTHADULT_Y15-64,2019,0.7544,,,,R1:3513
TLS,SDG_0852_SEX_AGE_RT,BA:3050,SEX_T,AGE_YTHADULT_Y15-64,2016,4.9556,,,,R1:3513_S14:3359
TON,SDG_0852_SEX_AGE_RT,BA:1712,SEX_T,AGE_YTHADULT_Y15-64,2018,3.2189,,,,R1:3513_S14:4077
TUN,SDG_0852_SEX_AGE_RT,BA:743,SEX_T,AGE_YTHADULT_Y15-64,2015,15.3889,,,,R1:3513_S3:9
TUN,SDG_0852_SEX_AGE_RT,BA:743,SEX_T,AGE_YTHADULT_Y15-64,2016,15.7787,,,,R1:3513_S3:9
TUN,SDG_0852_SEX_AGE_RT,BA:743,SEX_T,AGE_YTHADULT_Y15-64,2017,15.5553,,,,R1:3513_S3:9
TUR,SDG_0852_SEX_AGE_RT,BA:2256,SEX_T,AGE_YTHADULT_Y15-64,2015,10.4411,,,,R1:2384
TUR,SDG_0852_SEX_AGE_RT,BA:2256,SEX_T,AGE_YTHADULT_Y15-64,2016,11.0525,,,,R1:2384
TUR,SDG_0852_SEX_AGE_RT,BA:2256,SEX_T,AGE_YTHADULT_Y15-64,2017,11.053,,,,R1:2384
TUR,SDG_0852_SEX_AGE_RT,BA:2256,SEX_T,AGE_YTHADULT_Y15-64,2018,11.1195,,,,R1:2384
TUR,SDG_0852_SEX_AGE_RT,BA:2256,SEX_T,AGE_YTHADULT_Y15-64,2019,13.9609,,,,R1:2384
TUV,SDG_0852_SEX_AGE_RT,BB:14047,SEX_T,AGE_YTHADULT_Y15-64,2016,8.7201,,,,R1:3513_T2:254
UGA,SDG_0852_SEX_AGE_RT,BA:13047,SEX_T,AGE_YTHADULT_Y15-64,2017,10.0031,,,,R1:3513_S14:4077
UKR,SDG_0852_SEX_AGE_RT,BA:475,SEX_T,AGE_YTHADULT_Y15-64,2015,9.24,,,,S4:34_S5:38
UKR,SDG_0852_SEX_AGE_RT,BA:475,SEX_T,AGE_YTHADULT_Y15-64,2016,9.45,,,,S4:34_S5:38
UKR,SDG_0852_SEX_AGE_RT,BA:475,SEX_T,AGE_YTHADULT_Y15-64,2018,9.1211,,,,R1:3513
UKR,SDG_0852_SEX_AGE_RT,BA:475,SEX_T,AGE_YTHADULT_Y15-64,2019,8.5548,,,,R1:3513
URY,SDG_0852_SEX_AGE_RT,BA:348,SEX_T,AGE_YTHADULT_Y15-64,2015,7.7062,,,,R1:3513
URY,SDG_0852_SEX_AGE_RT,BA:348,SEX_T,AGE_YTHADULT_Y15-64,2016,8.0649,,,,R1:3513
URY,SDG_0852_SEX_AGE_RT,BA:348,SEX_T,AGE_YTHADULT_Y15-64,2017,8.1399,,,,R1:3513
URY,SDG_0852_SEX_AGE_RT,BA:348,SEX_T,AGE_YTHADULT_Y15-64,2018,8.5756,,,,R1:3513
URY,SDG_0852_SEX_AGE_RT,BA:348,SEX_T,AGE_YTHADULT_Y15-64,2019,9.5715,,,,R1:3513_S14:4077
USA,SDG_0852_SEX_AGE_RT,BA:453,SEX_T,AGE_YTHADULT_Y15-64,2015,5.3661,,C6:1058,,R1:3513_T2:85
USA,SDG_0852_SEX_AGE_RT,BA:453,SEX_T,AGE_YTHADULT_Y15-64,2016,4.9337,,C6:1058,,R1:3513_T2:85
USA,SDG_0852_SEX_AGE_RT,BA:453,SEX_T,AGE_YTHADULT_Y15-64,2017,4.404,,C6:1058,,R1:3513_T2:85
USA,SDG_0852_SEX_AGE_RT,BA:453,SEX_T,AGE_YTHADULT_Y15-64,2018,3.9376,,C6:1058,,R1:3513_T2:85
USA,SDG_0852_SEX_AGE_RT,BA:453,SEX_T,AGE_YTHADULT_Y15-64,2019,3.718,,C6:1058,,R1:3513_T2:85
VNM,SDG_0852_SEX_AGE_RT,BA:1788,SEX_T,AGE_YTHADULT_Y15-64,2015,1.9191,,,,R1:3513
VNM,SDG_0852_SEX_AGE_RT,BA:1788,SEX_T,AGE_YTHADULT_Y15-64,2016,1.9149,,,,R1:3513
VNM,SDG_0852_SEX_AGE_RT,BA:1788,SEX_T,AGE_YTHADULT_Y15-64,2017,1.944,,,,R1:3513
VNM,SDG_0852_SEX_AGE_RT,BA:1788,SEX_T,AGE_YTHADULT_Y15-64,2018,1.2083,,,,R1:3513
VNM,SDG_0852_SEX_AGE_RT,BA:1788,SEX_T,AGE_YTHADULT_Y15-64,2019,2.0831,,,,R1:3513_S14:4077
WSM,SDG_0852_SEX_AGE_RT,BA:1794,SEX_T,AGE_YTHADULT_Y15-64,2017,14.8768,,,,R1:3513_S14:4077
ZAF,SDG_0852_SEX_AGE_RT,BA:595,SEX_T,AGE_YTHADULT_Y15-64,2015,25.3451,,,,R1:3513
ZAF,SDG_0852_SEX_AGE_RT,BA:595,SEX_T,AGE_YTHADULT_Y15-64,2016,26.7481,,,,R1:3513
ZAF,SDG_0852_SEX_AGE_RT,BA:595,SEX_T,AGE_YTHADULT_Y15-64,2017,27.253,,,,R1:3513
ZAF,SDG_0852_SEX_AGE_RT,BA:595,SEX_T,AGE_YTHADULT_Y15-64,2018,27.1441,,,,R1:3513
ZAF,SDG_0852_SEX_AGE_RT,BA:595,SEX_T,AGE_YTHADULT_Y15-64,2019,28.7144,,,,R1:3513
ZMB,SDG_0852_SEX_AGE_RT,BA:2212,SEX_T,AGE_YTHADULT_Y15-64,2017,11.8471,,,,R1:3513_S14:4077
ZMB,SDG_0852_SEX_AGE_RT,BA:2212,SEX_T,AGE_YTHADULT_Y15-64,2018,12.1641,,,,R1:3513
ZWE,SDG_0852_SEX_AGE_RT,BA:1823,SEX_T,AGE_YTHADULT_Y15-64,2019,17.1125,,,,R1:3513_S14:4077
